Rank,Name,Platform,Year,Genre,Publisher,NA_Sales,EU_Sales,JP_Sales,Other_Sales,Global_Sales
4080,Harry Potter and the Order of the Phoenix,Wii,2007.0,Action,Electronic Arts,0.38,0.06,0.0,0.04,0.49
9039,Disney Infinity 2.0: Marvel Super Heroes,PSV,2015.0,Action,Disney Interactive Studios,0.0,0.11,0.0,0.03,0.14
14663,Kong: King of Atlantis,GBA,2005.0,Action,THQ,0.02,0.01,0.0,0.0,0.03
6890,Ratchet & Clank: Going Commando (JP weekly sales),PS2,2003.0,Action,Sony Computer Entertainment,0.0,0.0,0.24,0.0,0.24
1898,Grand Theft Auto V,PC,2015.0,Action,Take-Two Interactive,0.36,0.64,0.0,0.08,1.08
16304,Fireman Sam: Action Stations,DS,2013.0,Action,Avanquest Software,0.0,0.01,0.0,0.0,0.01
1990,Guinness World Records: The Videogame,Wii,2008.0,Action,Warner Bros. Interactive Entertainment,0.46,0.47,0.0,0.11,1.04
233,The Legend of Zelda: The Wind Waker,GC,2002.0,Action,Nintendo,2.6,0.99,0.89,0.13,4.6
9706,One Piece: Pirate Warriors 2,PSV,2013.0,Action,Namco Bandai Games,0.0,0.0,0.12,0.0,0.12
8885,X-Men: The Official Game,GC,2006.0,Action,Activision,0.12,0.03,0.0,0.0,0.15
7069,Musou Orochi Z,PS3,2009.0,Action,Tecmo Koei,0.0,0.0,0.23,0.0,0.23
7648,From Russia With Love,XB,2005.0,Action,Electronic Arts,0.15,0.04,0.0,0.01,0.2
12885,Adventure Time: Finn & Jake Investigations,WiiU,2015.0,Action,Little Orbit,0.03,0.02,0.0,0.0,0.05
9175,Robots,DS,2005.0,Action,Vivendi Games,0.12,0.01,0.0,0.01,0.14
9933,Spider-Man: Edge of Time,3DS,2011.0,Action,Activision,0.08,0.03,0.0,0.01,0.12
12565,Attack on Titan (KOEI),PS3,2016.0,Action,Tecmo Koei,0.0,0.0,0.06,0.0,0.06
157,Assassin's Creed II,PS3,2009.0,Action,Ubisoft,2.54,1.95,0.21,0.87,5.57
3505,Top Spin 3,PS3,2008.0,Action,Take-Two Interactive,0.08,0.37,0.0,0.12,0.57
5589,Golden Axe: Beast Rider,PS3,2008.0,Action,Sega,0.13,0.14,0.0,0.06,0.32
8709,Jurassic Park: The Game,X360,,Action,Unknown,0.15,0.0,0.0,0.01,0.16
11805,Resident Evil Zero,XOne,2016.0,Action,Capcom,0.05,0.02,0.0,0.01,0.07
16570,Fujiko F. Fujio Characters: Great Assembly! Slightly Fantastic Slapstick Party,3DS,2014.0,Action,Namco Bandai Games,0.0,0.0,0.01,0.0,0.01
177,Assassin's Creed II,X360,2009.0,Action,Ubisoft,3.1,1.56,0.08,0.51,5.27
9027,Ratatouille,GC,2007.0,Action,THQ,0.11,0.03,0.0,0.0,0.14
5490,Sonic Boom: Rise of Lyric,WiiU,2014.0,Action,Sega,0.21,0.09,0.0,0.03,0.33
2511,Star Wars The Clone Wars: Republic Heroes,Wii,2009.0,Action,LucasArts,0.44,0.3,0.0,0.08,0.82
8123,Marvel Super Hero Squad: Comic Combat,X360,2011.0,Action,THQ,0.13,0.04,0.0,0.01,0.18
15535,Kamen Rider: Battride War II,WiiU,2014.0,Action,Namco Bandai Games,0.0,0.0,0.02,0.0,0.02
5032,Mobile Suit Gundam version 2.0,PS,1996.0,Action,Namco Bandai Games,0.0,0.0,0.36,0.02,0.38
9772,Curious George,PS2,2006.0,Action,Namco Bandai Games,0.06,0.05,0.0,0.02,0.12
10298,The Lord of the Rings: Conquest,DS,2009.0,Action,Electronic Arts,0.09,0.01,0.0,0.01,0.11
3941,Silent Hill 4: The Room,PS2,2004.0,Action,Konami Digital Entertainment,0.25,0.19,0.0,0.06,0.51
5349,Pirates of the Caribbean: At World's End,DS,2007.0,Action,Disney Interactive Studios,0.3,0.01,0.01,0.03,0.35
3046,Adventures of Tron,2600,1981.0,Action,Mattel Interactive,0.63,0.03,0.0,0.01,0.67
14363,RoadKill,GC,2003.0,Action,Midway Games,0.02,0.01,0.0,0.0,0.03
7461,Evil Dead: Regeneration,PS2,2005.0,Action,THQ,0.1,0.08,0.0,0.03,0.21
1848,Toy Story 3: The Video Game,PS3,2010.0,Action,Disney Interactive Studios,0.51,0.42,0.0,0.17,1.11
6785,Tongari Boushi to Oshare na Mahou Tsukai,DS,2011.0,Action,Konami Digital Entertainment,0.0,0.0,0.24,0.0,0.24
3865,The Punisher,PS2,2005.0,Action,THQ,0.25,0.2,0.0,0.07,0.52
14380,Fullmetal Alchemist: Brotherhood,PSP,,Action,Unknown,0.0,0.0,0.03,0.0,0.03
6033,Bladestorm: The Hundred Years' War,PS3,2007.0,Action,Tecmo Koei,0.1,0.03,0.14,0.02,0.29
4678,Ghostbusters: The Video Game,DS,2009.0,Action,Atari,0.26,0.12,0.0,0.04,0.41
269,The Legend of Zelda: Ocarina of Time,3DS,2011.0,Action,Nintendo,2.03,1.27,0.62,0.3,4.21
12076,Jackass the Game DS,DS,2008.0,Action,Empire Interactive,0.06,0.0,0.0,0.01,0.07
10276,My Little Sister Can't Be This Cute Portable,PSP,2012.0,Action,Namco Bandai Games,0.0,0.0,0.11,0.0,0.11
11639,Daniel X: The Ultimate Power,DS,2010.0,Action,THQ,0.07,0.0,0.0,0.01,0.08
2005,LEGO Indiana Jones 2: The Adventure Continues,X360,2009.0,Action,Activision,0.62,0.33,0.0,0.09,1.04
5561,Frogger II: Threeedeep!,2600,1983.0,Action,Parker Bros.,0.31,0.02,0.0,0.0,0.33
9584,Dynasty Warriors 5 Empires,X360,2006.0,Action,Tecmo Koei,0.11,0.01,0.0,0.01,0.13
12021,Crimson Sea 2,PS2,2004.0,Action,Tecmo Koei,0.03,0.03,0.0,0.01,0.07
11967,Blast Radius,PS,1998.0,Action,Psygnosis,0.04,0.03,0.0,0.0,0.07
4791,"Transformers: The Game (XBox 360, PS2, PS3, Wii & PC Versions)",PS3,2007.0,Action,Activision,0.32,0.04,0.01,0.04,0.4
5367,Tenchu Z,X360,2006.0,Action,Microsoft Game Studios,0.27,0.02,0.02,0.03,0.34
15435,Tenkai Knights: Brave Battle,3DS,2014.0,Action,Namco Bandai Games,0.01,0.01,0.0,0.0,0.02
7198,Puss in Boots,Wii,2011.0,Action,THQ,0.19,0.01,0.0,0.01,0.22
13607,Playmobil Top Agents,DS,2010.0,Action,JoWood Productions,0.0,0.04,0.0,0.0,0.04
4053,Terraria,PS3,2013.0,Action,505 Games,0.07,0.26,0.09,0.07,0.49
7363,Bratz: Girlz Really Rock,Wii,2008.0,Action,THQ,0.19,0.0,0.0,0.02,0.21
6042,Disney Infinity,3DS,2013.0,Action,Disney Interactive Studios,0.16,0.1,0.0,0.02,0.29
2157,LEGO Pirates of the Caribbean: The Video Game,DS,2011.0,Action,Disney Interactive Studios,0.37,0.49,0.0,0.1,0.96
10826,Disney's Aladdin in Nasira's Revenge,PS,2000.0,Action,Sony Computer Entertainment,0.05,0.04,0.0,0.01,0.09
12495,Rurouni Kenshin: Meiji Kenyaku Romantan - Kansen,PSP,2012.0,Action,Namco Bandai Games,0.0,0.0,0.06,0.0,0.06
5184,Metro: Last Light,X360,2013.0,Action,Deep Silver,0.17,0.16,0.0,0.03,0.36
13027,Luminous Arc Infinity,PSV,2015.0,Action,Marvel Entertainment,0.0,0.0,0.05,0.0,0.05
10238,Transformers: Devastation,PS3,2015.0,Action,Activision,0.03,0.07,0.0,0.02,0.11
13477,World Trigger: Borderless Mission,PSV,2015.0,Action,Namco Bandai Games,0.0,0.0,0.04,0.0,0.04
6667,Spider-Man: Web of Shadows,Wii,2008.0,Action,Activision,0.22,0.01,0.0,0.02,0.25
2532,Twisted Metal (2012),PS3,2012.0,Action,Sony Computer Entertainment,0.67,0.07,0.0,0.07,0.82
15219,Genroh,PSP,2012.0,Action,Idea Factory,0.0,0.0,0.02,0.0,0.02
6944,Afro Samurai,X360,2009.0,Action,Atari,0.16,0.05,0.0,0.02,0.24
2278,Avatar: The Game,PS3,2009.0,Action,Ubisoft,0.32,0.43,0.0,0.16,0.91
16146,Harry Potter and the Chamber of Secrets,PC,2002.0,Action,Electronic Arts,0.0,0.01,0.0,0.0,0.01
10271,The Scorpion King: Rise of the Akkadian,GC,2002.0,Action,Universal Interactive,0.08,0.02,0.0,0.0,0.11
5508,Way of the Samurai 2,PS2,2003.0,Action,Capcom,0.05,0.04,0.23,0.01,0.33
701,Yokai Watch Busters,3DS,2015.0,Action,Level 5,0.0,0.0,2.28,0.0,2.28
3521,SpongeBob SquarePants featuring Nicktoons: Globs of Doom,DS,2008.0,Action,THQ,0.53,0.0,0.0,0.04,0.57
389,Grand Theft Auto 2,PS,1998.0,Action,Take-Two Interactive,1.13,2.07,0.0,0.22,3.42
6009,Dolphin,2600,1983.0,Action,Activision,0.27,0.02,0.0,0.0,0.29
1242,Pac-Man World 2,PS2,2002.0,Action,Namco Bandai Games,1.26,0.05,0.0,0.21,1.51
14461,Pet Alien: An Intergalactic Puzzlepalooza,DS,2007.0,Action,Game Factory,0.03,0.0,0.0,0.0,0.03
15052,Totally Spies! 2: Undercover,DS,2006.0,Action,Atari,0.01,0.01,0.0,0.0,0.02
2412,Tomb Raider: Anniversary,Wii,2007.0,Action,Eidos Interactive,0.12,0.63,0.0,0.11,0.86
7868,Disney Magic World 2,3DS,2015.0,Action,Nintendo,0.0,0.0,0.19,0.0,0.19
4839,Star Wars The Clone Wars: Republic Heroes,X360,2009.0,Action,LucasArts,0.18,0.17,0.0,0.04,0.4
15661,Song of the Deep,PC,2016.0,Action,Insomniac Games,0.02,0.0,0.0,0.0,0.02
12827,Captain America: Super Soldier,DS,,Action,Sega,0.05,0.0,0.0,0.0,0.05
1033,Dishonored,X360,2012.0,Action,Bethesda Softworks,1.06,0.52,0.01,0.14,1.73
12519,Prinny: Can I Really Be The Hero? (US sales),PSP,,Action,,0.06,0.0,0.0,0.0,0.06
1443,Grand Theft Auto: Chinatown Wars,DS,2009.0,Action,Take-Two Interactive,0.59,0.57,0.05,0.14,1.35
4935,BattleTanx: Global Assault,N64,1999.0,Action,3DO,0.31,0.07,0.0,0.0,0.39
16344,H2O+: Footprints in the Sand,PS2,2008.0,Adventure,Kadokawa Shoten,0.0,0.0,0.01,0.0,0.01
11212,L: the proLogue to DEATH NOTE - Rasen no Wana,DS,2008.0,Adventure,Konami Digital Entertainment,0.0,0.0,0.09,0.0,0.09
14007,12-Sai. Koisuru Diary,3DS,2016.0,Adventure,Happinet,0.0,0.0,0.04,0.0,0.04
10240,Gabrielle's Ghostly Groove 3D,3DS,2011.0,Adventure,Funbox Media,0.08,0.02,0.0,0.01,0.11
14571,Jack Keane,PC,2008.0,Adventure,Kalypso Media,0.0,0.02,0.0,0.0,0.03
15555,11eyes: CrossOver,PSP,2010.0,Adventure,5pb,0.0,0.0,0.02,0.0,0.02
6906,Sherlock Holmes and the Mystery of Osborne House,DS,2010.0,Adventure,Focus Home Interactive,0.07,0.14,0.0,0.03,0.24
11656,Ro-Kyu-Bu!,PSP,2011.0,Adventure,Kadokawa Shoten,0.0,0.0,0.08,0.0,0.08
14458,Kyokugen Dasshutsu ADV: Zennin Shiboudesu,3DS,2012.0,Adventure,ChunSoft,0.0,0.0,0.03,0.0,0.03
10179,NCIS 3D,3DS,2011.0,Adventure,Ubisoft,0.06,0.04,0.0,0.01,0.11
12098,DS Nishimura Kyotaro Suspense 2 Shin Tantei Series: Kanazawa Hakodate - Gokkan no Kyoukoku - Fukushuu no Kage,DS,2008.0,Adventure,Tecmo Koei,0.0,0.0,0.07,0.0,0.07
13766,Hakuouki: Reimeiroku Portable,PSP,2011.0,Adventure,Idea Factory,0.0,0.0,0.04,0.0,0.04
9450,How to Train Your Dragon 2,PS3,2014.0,Adventure,Little Orbit,0.03,0.08,0.0,0.02,0.13
4937,Chibi-Robo! Plug into Adventure!,GC,2005.0,Adventure,Nintendo,0.23,0.06,0.09,0.01,0.39
14876,Back to the Future: The Game,X360,2015.0,Adventure,Telltale Games,0.02,0.01,0.0,0.0,0.03
10371,Sakura Wars,DC,2000.0,Adventure,Sega,0.0,0.0,0.11,0.0,0.11
13683,The Wolf Among Us,X360,2011.0,Adventure,Telltale Games,0.01,0.03,0.0,0.0,0.04
15025,Clannad: Mitsumi Mamoru Sakamichi de - Joukan,PSP,2010.0,Adventure,Prototype,0.0,0.0,0.02,0.0,0.02
14328,Onna no Ko to Misshitsu ni Itara **shichau Kamoshirenai,3DS,2012.0,Adventure,D3Publisher,0.0,0.0,0.03,0.0,0.03
11910,"Flower, Sun, and Rain",DS,2008.0,Adventure,Rising Star Games,0.07,0.0,0.0,0.01,0.07
9769,The X Files: Resist or Serve,PS2,2004.0,Adventure,Vivendi Games,0.06,0.05,0.0,0.02,0.12
16454,Shin Koihime Musou: Otome Taisen * Sangokushi Engi,PS3,2014.0,Adventure,Views,0.0,0.0,0.01,0.0,0.01
7496,The Wolf Among Us,PS4,2014.0,Adventure,Telltale Games,0.1,0.07,0.0,0.03,0.21
3963,Avatar: The Last Airbender,GC,2006.0,Adventure,THQ,0.39,0.1,0.0,0.01,0.5
14415,Mother Goose no Himitsu no Yakata,PSP,2011.0,Adventure,Quinrose,0.0,0.0,0.03,0.0,0.03
16437,Tenjin Ranman: Happy GO Lucky!!,PSP,2010.0,Adventure,Russel,0.0,0.0,0.01,0.0,0.01
10245,Touch Detective 2 1/2,DS,2007.0,Adventure,505 Games,0.09,0.0,0.01,0.01,0.11
15917,Moe Moe 2-ji Taisen (Ryoku) * Deluxe,PSP,2008.0,Adventure,System Soft,0.0,0.0,0.02,0.0,0.02
11305,Elebits: The Adventures of Kai and Zero,DS,2008.0,Adventure,Konami Digital Entertainment,0.07,0.0,0.0,0.01,0.08
15865,Taishou Moebius Line Vitable,PSV,2016.0,Adventure,dramatic create,0.0,0.0,0.02,0.0,0.02
15982,Xblaze: Lost Memories,PS3,2015.0,Adventure,Arc System Works,0.01,0.0,0.0,0.0,0.02
15896,Hiiro no Kakera Portable,PSP,2008.0,Adventure,Idea Factory,0.0,0.0,0.02,0.0,0.02
1016,Star Wars Episode I: The Phantom Menace,PS,1999.0,Adventure,LucasArts,0.72,0.89,0.04,0.1,1.74
14037,Obscure,XB,2004.0,Adventure,MC2 Entertainment,0.03,0.01,0.0,0.0,0.04
5451,Beyond Good & Evil,PS2,2003.0,Adventure,Ubisoft,0.16,0.13,0.0,0.04,0.33
10078,Jake Hunter Detective Story: Memories of the Past,DS,2007.0,Adventure,PQube,0.06,0.0,0.05,0.0,0.11
12905,Jirou Akagawa: Majotachi no Nemuri,SNES,1995.0,Adventure,Pack-In-Video,0.0,0.0,0.05,0.0,0.05
12666,Vitamin X to Z,PSP,2011.0,Adventure,D3Publisher,0.0,0.0,0.06,0.0,0.06
16510,Romeo Vs. Juliet,PSP,2013.0,Adventure,Quinrose,0.0,0.0,0.01,0.0,0.01
15484,Agatha Christie's The ABC Murders,PS4,2016.0,Adventure,Microids,0.01,0.01,0.0,0.0,0.02
9937,The Clique: Diss and Make Up,DS,2009.0,Adventure,Warner Bros. Interactive Entertainment,0.11,0.0,0.0,0.01,0.12
16235,Zero no Tsukaima: Maigo no Period to Ikusen no Symphony,PS2,2008.0,Adventure,Marvelous Interactive,0.0,0.0,0.01,0.0,0.01
14899,Psycho-Pass: Mandatory Happiness,PS4,2016.0,Adventure,Nippon Ichi Software,0.02,0.0,0.0,0.0,0.03
4037,Ultimate I Spy,Wii,2008.0,Adventure,Scholastic Inc.,0.45,0.0,0.0,0.03,0.49
13980,Simple DS Series Vol. 15: The Kanshikikan 2 - Aratanaru 8-tsu no Jiken wo Touch seyo,DS,2007.0,Adventure,D3Publisher,0.0,0.0,0.04,0.0,0.04
1892,Endless Ocean,Wii,2007.0,Adventure,Nintendo,0.44,0.47,0.09,0.09,1.09
15722,Suzunone Seven: Rebirth Knot,PS2,2010.0,Adventure,Alchemist,0.0,0.0,0.02,0.0,0.02
7316,Afrika,PS3,2008.0,Adventure,Unknown,0.12,0.0,0.08,0.01,0.21
14907,Doki Oki,PS,1995.0,Adventure,Banpresto,0.0,0.0,0.02,0.0,0.03
13232,Koihime Musou,PS2,2008.0,Adventure,Yeti,0.0,0.0,0.05,0.0,0.05
4667,Mega Man Legends 2,PS,2000.0,Adventure,Capcom,0.17,0.12,0.1,0.03,0.42
12193,Lucian Bee's: Justice Yellow / Evil Violet,PS2,2010.0,Adventure,5pb,0.0,0.0,0.07,0.0,0.07
8350,Fate/Stay Night [RÃ©alta Nua],PS2,2007.0,Adventure,Kadokawa Shoten,0.0,0.0,0.17,0.0,0.17
8573,Doctor Who: Evacuation Earth,DS,2010.0,Adventure,Asylum Entertainment,0.0,0.14,0.0,0.02,0.16
10464,The Whispered World,PC,2009.0,Adventure,Deep Silver,0.0,0.08,0.0,0.02,0.1
14651,Tago Akira no Atama no Taisou Dai-2-Shuu: Ginga Oudan Nazotoki Adventure,DS,2009.0,Adventure,Level 5,0.0,0.0,0.03,0.0,0.03
11456,Horrid Henry's Horrid Adventure,DS,2010.0,Adventure,Asylum Entertainment,0.0,0.07,0.0,0.01,0.08
16168,Ouka Sengoku Portable,PSP,2012.0,Adventure,Alchemist,0.0,0.0,0.01,0.0,0.01
3124,Mary-Kate and Ashley: Magical Mystery Mall,PS,2000.0,Adventure,Acclaim Entertainment,0.36,0.24,0.0,0.04,0.65
12305,Sprung - A Game Where Everyone Scores,DS,2004.0,Adventure,Ubisoft,0.06,0.0,0.0,0.0,0.06
12441,Kekkon: Marriage,SAT,1995.0,Adventure,Shogakukan,0.0,0.0,0.06,0.0,0.06
8865,Space Station Silicon Valley,N64,1997.0,Adventure,Take-Two Interactive,0.12,0.03,0.0,0.0,0.15
13275,Detective Conan: Marionette Symphony,3DS,2013.0,Adventure,Namco Bandai Games,0.0,0.0,0.05,0.0,0.05
8603,Sherlock Holmes vs. Jack the Ripper,X360,2009.0,Adventure,Focus Home Interactive,0.11,0.04,0.0,0.01,0.16
15391,Uta no * Prince-Sama,PSP,2010.0,Adventure,Broccoli,0.0,0.0,0.02,0.0,0.02
1537,Mystery Case Files: MillionHeir,DS,2008.0,Adventure,Nintendo,0.76,0.4,0.0,0.12,1.29
6142,Pirates of the Caribbean: Dead Man's Chest,PSP,2006.0,Adventure,Disney Interactive Studios,0.25,0.01,0.0,0.02,0.28
13472,Tomoyo After: It's a Wonderful Life CS Edition,PSP,2009.0,Adventure,Prototype,0.0,0.0,0.04,0.0,0.04
11949,Second Sight,XB,2004.0,Adventure,Codemasters,0.05,0.02,0.0,0.0,0.07
12013,Ghost in the Shell: Stand Alone Complex,PSP,2005.0,Adventure,Atari,0.06,0.0,0.0,0.01,0.07
15178,Doki Majo Plus,DS,2009.0,Adventure,SNK Playmore,0.0,0.0,0.02,0.0,0.02
15255,Date A Live: Arusu Install,PS3,2014.0,Adventure,Compile Heart,0.0,0.0,0.02,0.0,0.02
16210,Duel Love: Koisuru Otome wa Shouri no Megami,DS,2008.0,Adventure,Namco Bandai Games,0.0,0.0,0.01,0.0,0.01
4583,Dog's Life,PS2,2003.0,Adventure,Sony Computer Entertainment,0.21,0.16,0.0,0.05,0.42
14710,Otome wa Oanesama ni Koi Shiteru Portable: 2-Jin no Elder,PSP,2011.0,Adventure,Alchemist,0.0,0.0,0.03,0.0,0.03
7218,The Walking Dead: Season Two,PS3,2014.0,Adventure,Telltale Games,0.09,0.09,0.0,0.04,0.22
11877,Code Geass: Hangyaku no Lelouch - Lost Colors,PSP,2008.0,Adventure,Namco Bandai Games,0.0,0.0,0.07,0.0,0.07
10857,PhotoKano,PSP,2012.0,Adventure,Kadokawa Shoten,0.0,0.0,0.09,0.0,0.09
14509,Suzumiya Haruhi no Chokuretsu,DS,2009.0,Adventure,Sega,0.0,0.0,0.03,0.0,0.03
12556,Theresia...,DS,2008.0,Adventure,Arc System Works,0.06,0.0,0.0,0.0,0.06
15617,Koisuru Otome to Shugo no Tate Portable,PSP,2010.0,Adventure,Alchemist,0.0,0.0,0.02,0.0,0.02
15370,Princess Isabella: A Witch's Curse,Wii,2010.0,Adventure,Destineer,0.02,0.0,0.0,0.0,0.02
15989,Sora no Otoshimono: DokiDoki Summer Vacation,PSP,2010.0,Adventure,Kadokawa Shoten,0.0,0.0,0.01,0.0,0.01
15306,Robotics;Notes,X360,2012.0,Adventure,5pb,0.0,0.0,0.02,0.0,0.02
14826,Captain Morgane and the Golden Turtle,PC,2012.0,Adventure,Reef Entertainment,0.0,0.02,0.0,0.0,0.03
12269,Pirates: The Legend of Black Kat,XB,2002.0,Adventure,Electronic Arts,0.05,0.01,0.0,0.0,0.06
11565,Lost in Blue: Shipwrecked,Wii,2008.0,Adventure,Konami Digital Entertainment,0.07,0.0,0.0,0.01,0.08
14766,Infinite Stratos 2: Ignition Hearts,PS3,2014.0,Adventure,5pb,0.0,0.0,0.03,0.0,0.03
6795,Corpse Party: Blood Drive,PSV,2014.0,Adventure,Marvelous Interactive,0.11,0.03,0.06,0.05,0.24
8927,The Walking Dead: Season Two,PSV,2014.0,Adventure,Telltale Games,0.1,0.0,0.01,0.03,0.15
533,Mortal Kombat Trilogy,PS,1996.0,Fighting,GT Interactive,1.98,0.7,0.0,0.11,2.79
12887,Bleach: Blade Battlers,PS2,2006.0,Fighting,Sony Computer Entertainment,0.0,0.0,0.05,0.0,0.05
14297,Custom Beat Battle: Draglade 2,DS,2008.0,Fighting,Namco Bandai Games,0.0,0.0,0.03,0.0,0.03
892,Mortal Kombat vs. DC Universe,X360,2008.0,Fighting,Midway Games,1.53,0.24,0.0,0.16,1.93
10797,Street Fighter Collection,PS,1997.0,Fighting,Capcom,0.0,0.0,0.09,0.01,0.1
5832,Ehrgeiz,PS,1998.0,Fighting,SquareSoft,0.17,0.12,0.0,0.02,0.3
8811,All Japan Pro Wrestling featuring Virtua,SAT,1997.0,Fighting,Sega,0.0,0.0,0.15,0.0,0.15
3988,Dead or Alive Ultimate,XB,2004.0,Fighting,Tecmo Koei,0.3,0.1,0.08,0.02,0.5
2627,Naruto Shippuden: Ultimate Ninja Storm 2,X360,2010.0,Fighting,Namco Bandai Games,0.43,0.27,0.01,0.07,0.79
2159,Mortal Kombat Trilogy,N64,1996.0,Fighting,GT Interactive,0.72,0.22,0.0,0.02,0.96
2986,Naruto: Clash of Ninja,GC,2003.0,Fighting,Tomy Corporation,0.53,0.14,0.0,0.02,0.68
7354,MTV Celebrity Deathmatch,XB,2003.0,Fighting,Gotham Games,0.16,0.05,0.0,0.01,0.21
13695,Deadliest Warrior: Ancient Combat,X360,2012.0,Fighting,Cloud Imperium Games Corporation,0.04,0.0,0.0,0.0,0.04
15459,Digimon Rumble Arena 2,XB,2004.0,Fighting,Atari,0.01,0.0,0.0,0.0,0.02
919,WCW Nitro,PS,1998.0,Fighting,THQ,1.42,0.36,0.03,0.07,1.88
1649,WCW Mayhem,PS,1998.0,Fighting,Electronic Arts,0.68,0.46,0.0,0.08,1.22
9098,Naruto Shippuden: Ninja Destiny 3,DS,2006.0,Fighting,D3Publisher,0.0,0.01,0.13,0.0,0.14
2191,WWE SmackDown vs. Raw 2009,PS3,2008.0,Fighting,THQ,0.51,0.31,0.01,0.13,0.95
4481,Naruto: Ultimate Ninja 3,PS2,2005.0,Fighting,Atari,0.36,0.01,0.0,0.06,0.44
11232,Cartoon Network: Punch Time Explosion XL,Wii,2011.0,Fighting,Crave Entertainment,0.07,0.01,0.0,0.01,0.09
4954,Fatal Fury,SNES,1992.0,Fighting,Takara,0.0,0.0,0.39,0.0,0.39
12299,Naruto: Ultimate Ninja Heroes (JP sales),PSP,2006.0,Fighting,Namco Bandai Games,0.0,0.0,0.06,0.0,0.06
13473,Guilty Gear XX Accent Core,PS2,2007.0,Fighting,Unknown,0.0,0.0,0.04,0.0,0.04
8641,Saturday Night Slam Masters,SNES,1994.0,Fighting,Capcom,0.0,0.0,0.16,0.0,0.16
13134,Guilty Gear Dust Strikers,DS,2006.0,Fighting,Majesco Entertainment,0.05,0.0,0.0,0.0,0.05
1690,WWE SmackDown vs Raw 2008,PSP,2007.0,Fighting,THQ,0.45,0.47,0.0,0.28,1.19
40,Super Smash Bros. Brawl,Wii,2008.0,Fighting,Nintendo,6.75,2.61,2.66,1.02,13.04
2740,WWE SmackDown vs. Raw 2010,Wii,2009.0,Fighting,THQ,0.51,0.17,0.0,0.07,0.75
7415,WCW Nitro,N64,1998.0,Fighting,THQ,0.17,0.04,0.0,0.0,0.21
12180,Destrega,PS,1998.0,Fighting,Sony Computer Entertainment,0.04,0.03,0.0,0.0,0.07
3332,Naruto: Ultimate Ninja,PS2,2003.0,Fighting,Atari,0.5,0.02,0.0,0.08,0.61
16143,BlazBlue: Calamity Trigger,PC,2010.0,Fighting,PQube,0.0,0.01,0.0,0.0,0.01
1479,UFC Undisputed 2010,X360,2010.0,Fighting,THQ,0.9,0.31,0.0,0.11,1.33
11868,TMNT: Mutant Melee,GC,2005.0,Fighting,Konami Digital Entertainment,0.06,0.01,0.0,0.0,0.07
9510,Last Bronx,SAT,1996.0,Fighting,Sega,0.0,0.0,0.13,0.0,0.13
1289,SoulCalibur IV,PS3,2008.0,Fighting,Ubisoft,0.72,0.41,0.14,0.2,1.47
5762,Naruto: Ninja Destiny (US sales),DS,2006.0,Fighting,Namco Bandai Games,0.31,0.0,0.0,0.0,0.31
14048,Swords,Wii,,Fighting,Unknown,0.03,0.0,0.0,0.0,0.04
2984,Mortal Kombat Mythologies: Sub-Zero,PS,1997.0,Fighting,GT Interactive,0.38,0.26,0.0,0.04,0.68
5598,Tekken 6,PSP,2009.0,Fighting,Namco Bandai Games,0.15,0.04,0.1,0.03,0.32
3611,Fatal Fury Special,SNES,1994.0,Fighting,Takara,0.0,0.0,0.56,0.0,0.56
12335,Killer Instinct (2013),XOne,2013.0,Fighting,Microsoft Game Studios,0.03,0.03,0.0,0.01,0.06
2060,Dead or Alive 2,PS2,2000.0,Fighting,Tecmo Koei,0.3,0.24,0.38,0.08,1.0
6567,King of Fighters: Maximum Impact,PS2,2004.0,Fighting,Ignition Entertainment,0.13,0.1,0.0,0.03,0.26
6438,Dragon Ball Z: Tenkaichi Tag Team,PSP,2010.0,Fighting,Namco Bandai Games,0.11,0.04,0.09,0.03,0.27
13609,Super Robot Taisen OG Infinite Battle,PS3,2013.0,Fighting,Namco Bandai Games,0.0,0.0,0.04,0.0,0.04
5570,Bleach: Shattered Blade,Wii,2006.0,Fighting,Sega,0.22,0.01,0.08,0.02,0.33
1878,Virtua Fighter 5,PS3,2007.0,Fighting,Sega,0.29,0.52,0.08,0.2,1.09
3276,Fighters MEGAMiX,SAT,1996.0,Fighting,Sega,0.0,0.0,0.62,0.0,0.62
13678,Nitroplus Blasterz: Heroines Infinite Duel,PS4,2015.0,Fighting,Marvelous Interactive,0.01,0.0,0.02,0.0,0.04
6308,Bishoujo Senshi Sailormoon R,SNES,1993.0,Fighting,Namco Bandai Games,0.0,0.0,0.27,0.0,0.27
13033,Sengoku Basara X,PS2,2008.0,Fighting,Capcom,0.0,0.0,0.05,0.0,0.05
13418,Bleach: Soul Carnival,PSP,2008.0,Fighting,Sony Computer Entertainment,0.0,0.0,0.05,0.0,0.05
7555,Samurai Spirits (CD),NG,1994.0,Fighting,SNK,0.0,0.0,0.2,0.0,0.2
12513,Marvel Super Heroes,SAT,1997.0,Fighting,Capcom,0.0,0.0,0.06,0.0,0.06
12682,Real Bout Garou Densetsu Special: Dominated Mind,PS,1998.0,Fighting,SNK,0.0,0.0,0.05,0.0,0.06
12702,Teenage Mutant Ninja Turtles: Tournament Fighters,SNES,1992.0,Fighting,Konami Digital Entertainment,0.0,0.0,0.06,0.0,0.06
14667,Wrestle Angels: Survivor 2,PS2,2008.0,Fighting,Tryfirst,0.0,0.0,0.03,0.0,0.03
13557,WarTech: Senko no Ronde,X360,2006.0,Fighting,Ubisoft,0.04,0.0,0.0,0.0,0.04
14981,Blade Arcus from Shining EX,PS4,2015.0,Fighting,Sega,0.0,0.0,0.02,0.0,0.02
8237,Street Fighter: The Movie,PS,1995.0,Fighting,Acclaim Entertainment,0.1,0.07,0.0,0.01,0.17
1232,Knockout Kings,PS,1997.0,Fighting,Electronic Arts,1.07,0.39,0.0,0.06,1.52
16485,Dragon Ball Z for Kinect,X360,2012.0,Fighting,Namco Bandai Games,0.01,0.0,0.0,0.0,0.01
13099,Kinnikuman Muscle Grand Prix Max,PS2,2006.0,Fighting,Konami Digital Entertainment,0.0,0.0,0.05,0.0,0.05
3717,Def Jam: Fight for NY,XB,,Fighting,Electronic Arts,0.43,0.1,0.0,0.02,0.54
7225,ECW Hardcore Revolution,N64,2000.0,Fighting,Acclaim Entertainment,0.18,0.04,0.0,0.0,0.22
13462,The King of Fighters 2002: Unlimited Match,PS2,2009.0,Fighting,SNK Playmore,0.0,0.0,0.04,0.0,0.04
10503,Bujingai: The Forsaken City,PS2,2003.0,Fighting,505 Games,0.05,0.04,0.0,0.01,0.1
2756,Capcom vs. SNK 2: Mark of the Millennium 2001,PS2,2001.0,Fighting,Capcom,0.22,0.17,0.3,0.06,0.75
6190,Dead or Alive,PS,1998.0,Fighting,Sony Computer Entertainment,0.09,0.06,0.1,0.02,0.28
4618,Mobile Suit Gundam: Gundam vs. Gundam,PSP,2008.0,Fighting,Namco Bandai Games,0.0,0.0,0.42,0.0,0.42
3419,SoulCalibur V,X360,2012.0,Fighting,Namco Bandai Games,0.39,0.14,0.02,0.04,0.59
1918,Marvel vs. Capcom 3: Fate of Two Worlds,X360,2011.0,Fighting,Capcom,0.79,0.18,0.03,0.07,1.08
11543,Yuu Yuu Hakusho: Makyo Toitsusen,GEN,1994.0,Fighting,Sega,0.0,0.0,0.08,0.0,0.08
3919,WWE SmackDown vs. RAW 2007,X360,2006.0,Fighting,THQ,0.44,0.03,0.0,0.04,0.51
9516,BlazBlue: Continuum Shift II,PSP,2011.0,Fighting,PQube,0.03,0.02,0.07,0.01,0.13
14316,Gakusen Toshi Asterisk Festa: Houka Kenran,PSV,2016.0,Fighting,Namco Bandai Games,0.0,0.0,0.03,0.0,0.03
7393,HBO Boxing,PS,2000.0,Fighting,Acclaim Entertainment,0.12,0.08,0.0,0.01,0.21
11615,Bleach: Heat the Soul 7,PSP,2010.0,Fighting,Sony Computer Entertainment,0.0,0.0,0.08,0.0,0.08
11061,Dragon Ball Z: Shin Butouden,SAT,1995.0,Fighting,Namco Bandai Games,0.0,0.0,0.09,0.0,0.09
1340,WWE SmackDown vs Raw 2008,X360,2007.0,Fighting,THQ,0.92,0.38,0.0,0.13,1.44
13703,Capcom Fighting Evolution,XB,2005.0,Fighting,Capcom,0.03,0.01,0.0,0.0,0.04
2469,Street Fighter X Tekken,PS3,2012.0,Fighting,Capcom,0.42,0.22,0.1,0.1,0.84
2791,Persona 4: Arena,PS3,2012.0,Fighting,Atlus,0.3,0.12,0.24,0.07,0.74
2715,Mortal Kombat: Deception,XB,2004.0,Fighting,Midway Games,0.61,0.12,0.0,0.03,0.76
12330,Steambot Chronicles: Battle Tournament,PSP,2008.0,Fighting,Irem Software Engineering,0.05,0.0,0.01,0.0,0.06
4899,Naruto: Clash of Ninja Revolution 2,Wii,2008.0,Fighting,Tomy Corporation,0.34,0.02,0.0,0.03,0.39
158,Super Smash Bros.,N64,1999.0,Fighting,Nintendo,2.95,0.6,1.97,0.04,5.55
14368,Pocket Fighter,SAT,1998.0,Fighting,Capcom,0.0,0.0,0.03,0.0,0.03
2516,Killer Instinct Gold,N64,1996.0,Fighting,Nintendo,0.61,0.19,0.0,0.01,0.82
14508,DJ Max Portable 3,PSP,2010.0,Misc,CyberFront,0.01,0.0,0.02,0.0,0.03
10529,Truth or Lies,Wii,2010.0,Misc,THQ,0.04,0.05,0.0,0.01,0.1
8780,Get On Da Mic,PS2,2004.0,Misc,Eidos Interactive,0.07,0.06,0.0,0.02,0.15
2354,SingStar Anthems,PS2,2006.0,Misc,Sony Computer Entertainment,0.0,0.68,0.0,0.2,0.89
6311,Rhythm Thief & the Emperor's Treasure,3DS,2012.0,Misc,Sega,0.07,0.07,0.12,0.01,0.27
7193,Petz: Horse Club,Wii,2008.0,Misc,Ubisoft,0.2,0.0,0.0,0.02,0.22
4475,Just Dance 4,PS3,2012.0,Misc,Ubisoft,0.26,0.12,0.0,0.06,0.44
5957,Just Dance Kids 2,Wii,2011.0,Misc,Ubisoft,0.28,0.0,0.0,0.02,0.29
10582,World Series of Poker 2008: Battle for the Bracelets,PS3,2007.0,Misc,Activision,0.08,0.01,0.0,0.01,0.1
15281,Jinsei Game Wii,Wii,2007.0,Misc,Takara Tomy,0.0,0.0,0.02,0.0,0.02
10330,The Cheetah Girls: Pop Star Sensations,DS,2007.0,Misc,Disney Interactive Studios,0.1,0.0,0.0,0.01,0.11
13468,Cheer We Go!,DS,2010.0,Misc,Natsume,0.04,0.0,0.0,0.0,0.04
4411,Yu-Gi-Oh! Capsule Monster Coliseum,PS2,2004.0,Misc,Konami Digital Entertainment,0.22,0.17,0.0,0.06,0.44
5690,DJ Hero,PS2,2009.0,Misc,Activision,0.1,0.02,0.0,0.2,0.32
5474,Family Party: 90 Great Games Party Pack,Wii,2010.0,Misc,D3Publisher,0.31,0.0,0.0,0.02,0.33
11528,Cartoon Network Collection: Game Boy Advance Video Volume 2,GBA,2004.0,Misc,,0.06,0.02,0.0,0.0,0.08
6929,Pictionary: Ultimate Edition,X360,2011.0,Misc,THQ,0.16,0.05,0.0,0.02,0.24
8801,Theatrhythm Dragon Quest,3DS,2015.0,Misc,Square Enix,0.0,0.0,0.15,0.0,0.15
5512,Hatsune Miku: Project Diva Extend,PSP,2011.0,Misc,Sega,0.0,0.0,0.33,0.0,0.33
9309,World Championship Poker 2: Featuring Howard Lederer,PSP,2005.0,Misc,505 Games,0.12,0.0,0.0,0.01,0.14
11913,Moxie Girlz,DS,2011.0,Misc,GameMill Entertainment,0.07,0.0,0.0,0.0,0.07
11518,Shonen Jump's One Piece: Pirates Carnival,GC,2005.0,Misc,Namco Bandai Games,0.06,0.02,0.0,0.0,0.08
10063,Grease,DS,2010.0,Misc,505 Games,0.1,0.0,0.0,0.01,0.11
16019,Cosmetic Paradise: Make no Kiseki,DS,2008.0,Misc,Global A Entertainment,0.0,0.0,0.01,0.0,0.01
15746,Postman Pat: Special Delivery Service,DS,2009.0,Misc,GSP,0.0,0.01,0.0,0.0,0.02
14932,Mind Your Language: Learn English! / French! / German! / Spanish! /Japanese!,DS,2009.0,Misc,PlayV,0.0,0.02,0.0,0.0,0.02
7535,CandyLand / Chutes & Ladders / Memory,GBA,2005.0,Misc,Zoo Digital Publishing,0.15,0.05,0.0,0.0,0.2
13619,Hana to Ikimo no Rittai Zukan,3DS,2011.0,Misc,Nintendo,0.0,0.0,0.04,0.0,0.04
8969,Barbie Superpack: Secret Agent / Groovy Games,GBA,2005.0,Misc,Vivendi Games,0.1,0.04,0.0,0.0,0.15
3597,Monster High: Ghoul Spirit,Wii,2011.0,Misc,THQ,0.44,0.08,0.0,0.04,0.56
9512,Momotaro Douchuuki,SAT,1997.0,Misc,Hudson Soft,0.0,0.0,0.13,0.0,0.13
15195,PachiPara 15: Super Umi Monogatari in Okinawa 2,PS3,2010.0,Misc,Irem Software Engineering,0.0,0.0,0.02,0.0,0.02
14040,Mahjong Taikai,DS,2004.0,Misc,Tecmo Koei,0.0,0.0,0.04,0.0,0.04
13887,Hatsune Miku: Project Diva X,PS4,2016.0,Misc,Sega,0.01,0.0,0.02,0.0,0.04
2569,ABBA: You Can Dance,Wii,2011.0,Misc,Ubisoft,0.19,0.5,0.0,0.11,0.8
13598,Card Fight!! Vanguard G: Stride to Victory!!,3DS,2016.0,Misc,FuRyu,0.0,0.0,0.04,0.0,0.04
14453,Kaidan Restaurant: Zoku! Shin Menu 100-Sen,DS,2011.0,Misc,Namco Bandai Games,0.0,0.0,0.03,0.0,0.03
7412,World Series of Poker,PSP,2005.0,Misc,Activision,0.19,0.0,0.0,0.02,0.21
13399,Mahjong 3D: Warriors of the Emperor,3DS,2011.0,Misc,DTP Entertainment,0.0,0.04,0.0,0.01,0.05
7953,Kuma-Tomo,3DS,2013.0,Misc,Namco Bandai Games,0.0,0.0,0.19,0.0,0.19
7729,The Naked Brothers Band: The Video Game,DS,2008.0,Misc,THQ,0.18,0.0,0.0,0.01,0.2
10606,Rock Band 3,DS,2010.0,Misc,MTV Games,0.09,0.01,0.0,0.01,0.1
1581,Wheel of Fortune,PS,1998.0,Misc,Hasbro Interactive,0.99,0.22,0.0,0.04,1.26
5549,"Carnival Games: Monkey See, Monkey Do!",X360,2011.0,Misc,Take-Two Interactive,0.14,0.16,0.0,0.03,0.33
2523,Guitar Hero: Warriors of Rock,PS3,2010.0,Misc,Activision,0.33,0.35,0.0,0.14,0.82
8697,Block Party,Wii,2008.0,Misc,Activision,0.14,0.0,0.0,0.01,0.16
11798,The Idolm@ster: Live for You!,X360,2008.0,Misc,Namco Bandai Games,0.0,0.0,0.07,0.0,0.07
8091,Jampack Vol. 1,PS,1996.0,Misc,Sony Computer Entertainment,0.1,0.07,0.0,0.01,0.18
16069,Pachitte Chonmage Tatsujin 16: Pachinko Hissatsu Shigotojin III,PS2,2010.0,Misc,Hackberry,0.0,0.0,0.01,0.0,0.01
14513,Casino Chaos With Las Vegas Players Collection,PC,2011.0,Misc,THQ,0.03,0.0,0.0,0.0,0.03
8061,Let's TAP,Wii,2008.0,Misc,Sega,0.09,0.06,0.01,0.02,0.18
2844,Jampack Winter 2001,PS2,2001.0,Misc,Sony Computer Entertainment,0.35,0.28,0.0,0.09,0.72
3022,Zaidan Houjin Nippon Kanji Nouryoko Kentei Kyoukai Kounin: KanKen DS,DS,2006.0,Misc,Rocket Company,0.0,0.0,0.67,0.0,0.67
12719,Wantame Fortune Channel,DS,2007.0,Misc,Capcom,0.0,0.0,0.06,0.0,0.06
8598,Minna no DS Seminar: Kanpeki Kanji Ryoku,DS,2006.0,Misc,TDK Core,0.0,0.0,0.16,0.0,0.16
11728,My Fun Facts Coach,DS,2008.0,Misc,Ubisoft,0.07,0.0,0.0,0.01,0.08
15681,50 Classic Games,3DS,2012.0,Misc,Avanquest Software,0.0,0.02,0.0,0.0,0.02
1638,Game & Watch Gallery 2,GB,1997.0,Misc,Nintendo,0.76,0.3,0.12,0.04,1.22
15590,Gakken DS: Shin TOEIC Test Kanzen Kouryaku,DS,2007.0,Misc,Gakken,0.0,0.0,0.02,0.0,0.02
5573,Pinball Hall of Fame: The Gottlieb Collection,PS2,2004.0,Misc,Play It,0.16,0.12,0.0,0.04,0.33
15056,Board Game: Top Shop,PS,1999.0,Misc,Success,0.01,0.01,0.0,0.0,0.02
6564,Dora the Explorer: Game Boy Advance Video Volume 1,GBA,2004.0,Misc,,0.18,0.07,0.0,0.0,0.26
11041,Kawashima Ryuuta Kyouju Kanshuu Nouryoku Trainer Portable 2,PSP,2006.0,Misc,Sega,0.0,0.0,0.09,0.0,0.09
14298,Gotouchi Kenkei DS,DS,2006.0,Misc,Spike,0.0,0.0,0.03,0.0,0.03
15846,Otona no Renai Shousetsu: Harlequin Selection,DS,2010.0,Misc,Nintendo,0.0,0.0,0.02,0.0,0.02
8965,Pac-Man Party 3D,3DS,2011.0,Misc,Namco Bandai Games,0.09,0.04,0.0,0.01,0.15
13325,World Series of Poker: Tournament of Champions 2007 Edition,Wii,2006.0,Misc,Activision,0.04,0.0,0.0,0.0,0.05
11880,Stacked with Daniel Negreanu,PS2,2006.0,Misc,Myelin Media,0.04,0.03,0.0,0.01,0.07
5255,Monopoly,PS3,2008.0,Misc,Electronic Arts,0.25,0.06,0.0,0.04,0.36
1768,Kaboom!,2600,1980.0,Misc,Activision,1.07,0.07,0.0,0.01,1.15
4945,Just Dance 4,WiiU,2012.0,Misc,Ubisoft,0.22,0.14,0.0,0.03,0.39
832,Dance Central 2,X360,2011.0,Misc,Microsoft Game Studios,1.45,0.42,0.01,0.16,2.04
5644,Karaoke Revolution Volume 3,PS2,2004.0,Misc,Konami Digital Entertainment,0.16,0.12,0.0,0.04,0.32
1274,Buzz! The BIG Quiz,PS2,2006.0,Misc,Sony Computer Entertainment,0.0,1.1,0.0,0.39,1.49
1544,Yakuman,GB,1989.0,Misc,Nintendo,0.0,0.0,1.28,0.0,1.28
6005,Def Jam Rapstar,X360,2010.0,Misc,Konami Digital Entertainment,0.25,0.03,0.0,0.02,0.29
5739,Tiny Toon Adventures: The Great Beanstalk,PS,1998.0,Misc,Sony Computer Entertainment,0.17,0.12,0.0,0.02,0.31
5942,Guitar Hero: Van Halen,X360,2009.0,Misc,Activision,0.16,0.1,0.0,0.03,0.3
1176,Guitar Hero 5,Wii,2009.0,Misc,Activision,0.94,0.49,0.0,0.15,1.58
1147,Buzz! The Music Quiz,PS2,2005.0,Misc,Sony Computer Entertainment,0.0,1.18,0.0,0.43,1.61
10715,Rio,X360,2011.0,Misc,THQ,0.05,0.03,0.0,0.01,0.1
4911,Dancing with the Stars: We Dance!,DS,2008.0,Misc,Activision,0.36,0.0,0.0,0.03,0.39
7471,Heisei Kyouiku linkai DS,DS,2006.0,Misc,Namco Bandai Games,0.0,0.0,0.21,0.0,0.21
5228,Just Dance 2016,X360,2015.0,Misc,Ubisoft,0.23,0.1,0.0,0.03,0.36
14090,FunkMaster Flex's Digital Hitz Factory,PS2,2003.0,Misc,Jester Interactive,0.02,0.01,0.0,0.0,0.04
11712,Pinball Hall of Fame: The Gottlieb Collection,XB,2004.0,Misc,Crave Entertainment,0.06,0.02,0.0,0.0,0.08
684,Just Dance Kids,Wii,2010.0,Misc,Ubisoft,1.57,0.56,0.0,0.19,2.32
8291,Hello Kitty: Happy Party Pals,GBA,2005.0,Misc,THQ,0.12,0.05,0.0,0.0,0.17
9871,Vacation Isle: Beach Party,Wii,2010.0,Misc,Warner Bros. Interactive Entertainment,0.09,0.02,0.0,0.01,0.12
6448,"Barbie: Jet, Set & Style!",Wii,2011.0,Misc,THQ,0.23,0.01,0.0,0.02,0.26
2200,The SpongeBob SquarePants Movie,GC,2004.0,Platform,THQ,0.73,0.19,0.0,0.03,0.94
10462,Despicable Me: The Game,PS2,2010.0,Platform,D3Publisher,0.05,0.04,0.0,0.01,0.1
14782,The Adventures of Lomax,PS,1996.0,Platform,Psygnosis,0.01,0.01,0.0,0.0,0.03
373,Donkey Kong Country 3: Dixie Kong's Double Trouble!,SNES,1996.0,Platform,Nintendo,1.17,0.5,1.75,0.08,3.51
10875,Scaler,PS2,2004.0,Platform,Take-Two Interactive,0.05,0.04,0.0,0.01,0.09
10575,The Ant Bully,PS2,2006.0,Platform,Midway Games,0.05,0.04,0.0,0.01,0.1
7187,Super Adventure Island,SNES,1992.0,Platform,Hudson Soft,0.0,0.0,0.22,0.0,0.22
3694,The SpongeBob SquarePants Movie,XB,2004.0,Platform,THQ,0.4,0.12,0.0,0.02,0.54
3263,Disney's 102 Dalmatians: Puppies to the Rescue,PS,2000.0,Platform,Eidos Interactive,0.34,0.23,0.0,0.04,0.62
2633,Secret Agent Barbie: Royal Jewels Mission,GBA,2002.0,Platform,Vivendi Games,0.56,0.21,0.0,0.01,0.78
10671,Over the Hedge,XB,2006.0,Platform,Activision,0.07,0.02,0.0,0.0,0.1
3792,Ty the Tasmanian Tiger 2: Bush Rescue,PS2,2004.0,Platform,Electronic Arts,0.26,0.2,0.0,0.07,0.53
775,Kirby's Epic Yarn,Wii,2010.0,Platform,Nintendo,1.47,0.09,0.45,0.11,2.12
3750,Popeye,2600,1982.0,Platform,Parker Bros.,0.5,0.03,0.0,0.01,0.54
6330,Ty the Tasmanian Tiger,GC,2002.0,Platform,Electronic Arts,0.21,0.05,0.0,0.01,0.27
14326,Tork: Prehistoric Punk,XB,2005.0,Platform,Microsoft Game Studios,0.02,0.01,0.0,0.0,0.03
330,Super Paper Mario,Wii,2007.0,Platform,Nintendo,1.98,0.88,0.59,0.32,3.76
16162,Malice,XB,2004.0,Platform,Evolved Games,0.01,0.0,0.0,0.0,0.01
788,Scooby-Doo! Night of 100 Frights,PS2,2002.0,Platform,THQ,1.17,0.72,0.0,0.22,2.1
5610,The Legend of Spyro: Dawn of the Dragon,X360,2008.0,Platform,Vivendi Games,0.16,0.13,0.0,0.03,0.32
3206,Super Castlevania IV,SNES,1991.0,Platform,Konami Digital Entertainment,0.32,0.05,0.25,0.01,0.63
11419,Ultimate Ghosts 'n Goblins,PSP,2006.0,Platform,Capcom,0.07,0.01,0.0,0.01,0.08
11223,Cloudy With a Chance of Meatballs,X360,2009.0,Platform,Ubisoft,0.07,0.01,0.0,0.01,0.09
8747,Tak: The Great Juju Challenge,GC,2005.0,Platform,THQ,0.12,0.03,0.0,0.0,0.15
149,LittleBigPlanet,PS3,2008.0,Platform,Sony Computer Entertainment,2.8,2.05,0.17,0.9,5.92
1032,Crash Bandicoot: The Huge Adventure,GBA,2002.0,Platform,Universal Interactive,0.95,0.7,0.0,0.08,1.73
4537,Castlevania: Portrait of Ruin,DS,2006.0,Platform,Konami Digital Entertainment,0.33,0.03,0.04,0.03,0.43
4469,Wario World,GC,2003.0,Platform,Nintendo,0.34,0.09,0.0,0.01,0.44
5356,The Wild Thornberrys Movie,GBA,2002.0,Platform,THQ,0.25,0.09,0.0,0.01,0.34
6816,DK: King of Swing,GBA,2005.0,Platform,Nintendo,0.17,0.06,0.0,0.0,0.24
6629,Ice Age 2: The Meltdown,GBA,2006.0,Platform,Vivendi Games,0.18,0.07,0.0,0.0,0.25
6741,"Ed, Edd n Eddy: The Mis-Edventures",GC,2005.0,Platform,Midway Games,0.19,0.05,0.0,0.01,0.25
3776,Gex 3: Deep Cover Gecko,PS,1999.0,Platform,Eidos Interactive,0.3,0.2,0.0,0.03,0.53
11905,Pitfall: The Lost Expedition,GBA,2003.0,Platform,Activision,0.05,0.02,0.0,0.0,0.07
438,Sonic Rush,DS,2005.0,Platform,Sega,1.22,1.57,0.06,0.29,3.15
1115,Kirby & the Amazing Mirror,GBA,2004.0,Platform,Nintendo,0.8,0.05,0.76,0.03,1.64
6257,Donkey Kong GB: Dinky Kong & Dixie Kong,GB,2000.0,Platform,Nintendo,0.0,0.0,0.28,0.0,0.28
14309,Sonic Boom: Fire & Ice,3DS,2016.0,Platform,Sega,0.03,0.0,0.0,0.0,0.03
2332,Castlevania: Circle of the Moon,GBA,2001.0,Platform,Konami Digital Entertainment,0.6,0.22,0.05,0.02,0.89
8268,PlayStation Move Heroes,PS3,2011.0,Platform,Sony Computer Entertainment,0.08,0.06,0.0,0.03,0.17
4575,The Legend of Spyro: The Eternal Night,PS2,2007.0,Platform,Vivendi Games,0.21,0.16,0.0,0.05,0.42
7165,Ben 10 Ultimate Alien: Cosmic Destruction,PS2,2010.0,Platform,D3Publisher,0.13,0.06,0.0,0.04,0.22
5963,Tom and Jerry Tales,DS,2006.0,Platform,Warner Bros. Interactive Entertainment,0.21,0.06,0.0,0.02,0.29
6888,Densetsu no Stafi 3,GBA,2004.0,Platform,Nintendo,0.0,0.0,0.23,0.01,0.24
6902,Chibi-Robo! Zip Lash,3DS,2015.0,Platform,Nintendo,0.09,0.08,0.06,0.02,0.24
6725,Ben 10 Ultimate Alien: Cosmic Destruction,PS3,2010.0,Platform,D3Publisher,0.12,0.09,0.0,0.04,0.25
13610,Scaler,XB,2004.0,Platform,Global Star,0.03,0.01,0.0,0.0,0.04
2016,Sonic Unleashed,PS3,2008.0,Platform,Sega,0.56,0.33,0.01,0.14,1.03
14310,The Flintstones: Big Trouble in Bedrock,GBA,2001.0,Platform,Swing! Entertainment,0.02,0.01,0.0,0.0,0.03
9346,Bratz,GBA,2002.0,Platform,Ubisoft,0.1,0.04,0.0,0.0,0.13
2326,Madagascar,GBA,2005.0,Platform,Activision,0.62,0.24,0.0,0.03,0.89
3593,Mega Man X2,SNES,1993.0,Platform,Laguna,0.09,0.02,0.45,0.0,0.56
10015,Pac 'n Roll,DS,2005.0,Platform,Namco Bandai Games,0.09,0.0,0.02,0.01,0.11
5848,Lizzie McGuire 3: Homecoming Havoc,GBA,2005.0,Platform,Disney Interactive Studios,0.22,0.08,0.0,0.01,0.3
11417,Cloudy With a Chance of Meatballs,PSP,2009.0,Platform,Ubisoft,0.07,0.0,0.0,0.01,0.08
11819,I-Ninja,XB,2003.0,Platform,Namco Bandai Games,0.05,0.02,0.0,0.0,0.07
7494,X2: Wolverine's Revenge,XB,2003.0,Platform,Activision,0.15,0.04,0.0,0.01,0.21
6469,Tomba!,PS,1997.0,Platform,Sony Computer Entertainment,0.15,0.1,0.0,0.02,0.26
12762,Doraemon 4: Nobita to Toki no Okoku,SNES,1995.0,Platform,Epoch,0.0,0.0,0.06,0.0,0.06
14375,Sitting Ducks,GBA,2003.0,Platform,LSP Games,0.02,0.01,0.0,0.0,0.03
1626,Donkey Kong Country 2,GBA,2004.0,Platform,Nintendo,0.79,0.27,0.12,0.04,1.23
5536,Spy Kids 3-D: Game Over,GBA,2003.0,Platform,Disney Interactive Studios,0.24,0.09,0.0,0.01,0.33
1553,Castlevania: Symphony of the Night,PS,1997.0,Platform,Konami Digital Entertainment,0.58,0.4,0.21,0.08,1.27
10865,PAC-MAN and the Ghostly Adventures,3DS,2013.0,Platform,Namco Bandai Games,0.05,0.04,0.0,0.01,0.09
1726,Sonic Rush Adventure,DS,2007.0,Platform,Sega,0.54,0.49,0.01,0.12,1.17
1915,Disney's Lilo & Stitch,GBA,2002.0,Platform,Ubisoft,0.77,0.29,0.0,0.02,1.08
9618,Garfield's Fun Fest,DS,2008.0,Platform,Zoo Digital Publishing,0.07,0.04,0.0,0.01,0.13
5254,Ganbare Goemon 3: Shishi Jyuurokubei no Karakuri Manji Katame,SNES,1994.0,Platform,Konami Digital Entertainment,0.0,0.0,0.36,0.0,0.36
9730,Lemony Snicket's A Series of Unfortunate Events,XB,2004.0,Platform,Activision,0.09,0.03,0.0,0.0,0.12
8944,Crash: Twinsanity,XB,2004.0,Platform,Vivendi Games,0.11,0.03,0.0,0.01,0.15
11674,Pac-Man World 3,PSP,2005.0,Platform,Namco Bandai Games,0.07,0.0,0.0,0.01,0.08
6102,Earthworm Jim,GBA,2001.0,Platform,Interplay,0.2,0.08,0.0,0.01,0.29
14162,Sabre Wulf,GBA,,Platform,THQ,0.02,0.01,0.0,0.0,0.03
10265,Death Jr.: Root of Evil,Wii,2008.0,Platform,Eidos Interactive,0.1,0.0,0.0,0.01,0.11
9494,Secret Agent Clank,PSP,2008.0,Platform,Sony Computer Entertainment,0.04,0.03,0.04,0.02,0.13
12120,N+,DS,2007.0,Platform,Atari,0.06,0.0,0.0,0.0,0.07
914,Ratchet & Clank Future: A Crack in Time,PS3,2009.0,Platform,Sony Computer Entertainment,1.05,0.54,0.03,0.26,1.88
2236,Castlevania II: Simon's Quest,NES,1987.0,Platform,Konami Digital Entertainment,0.45,0.06,0.42,0.0,0.93
9437,Disney's Winnie the Pooh's Rumbly Tumbly Adventure,GBA,2005.0,Platform,Ubisoft,0.09,0.03,0.0,0.0,0.13
13102,Mirror's Edge Catalyst,PC,2016.0,Platform,Electronic Arts,0.01,0.03,0.0,0.01,0.05
11626,Skeleton Warriors,PS,1996.0,Platform,Virgin Interactive,0.04,0.03,0.0,0.01,0.08
11015,Space Chimps,Wii,2008.0,Platform,Brash Entertainment,0.08,0.0,0.0,0.01,0.09
3166,The Princess and the Frog,DS,2009.0,Platform,Disney Interactive Studios,0.41,0.17,0.0,0.06,0.64
9117,Scooby-Doo! Night of 100 Frights,XB,2003.0,Platform,THQ,0.11,0.03,0.0,0.01,0.14
13744,Looney Tunes Duck Dodgers Starring: Daffy Duck,N64,2000.0,Platform,Infogrames,0.03,0.01,0.0,0.0,0.04
3476,Gex: Enter the Gecko,PS,1998.0,Platform,BMG Interactive Entertainment,0.32,0.22,0.0,0.04,0.58
8151,Disney's Tarzan Untamed,GC,2001.0,Platform,Ubisoft,0.14,0.04,0.0,0.0,0.18
9452,The Smurfs 2,X360,2013.0,Platform,Ubisoft,0.03,0.09,0.0,0.01,0.13
11049,Castlevania Dracula X,SNES,1995.0,Platform,Konami Digital Entertainment,0.03,0.01,0.05,0.0,0.09
2688,Sonic Unleashed,PS2,2008.0,Platform,Sega,0.37,0.04,0.0,0.36,0.76
16190,Jewel Quest II,PC,2007.0,Puzzle,Avanquest,0.0,0.01,0.0,0.0,0.01
9754,Puzzle Kingdoms,Wii,2009.0,Puzzle,Zoo Digital Publishing,0.11,0.0,0.0,0.01,0.12
14700,HotBrain,PSP,2007.0,Puzzle,Midway Games,0.02,0.0,0.0,0.0,0.03
15501,Azada,3DS,2012.0,Puzzle,Licensed 4U,0.0,0.02,0.0,0.0,0.02
1010,Yoshi,NES,1991.0,Puzzle,Nintendo,0.7,0.13,0.91,0.01,1.75
2908,Super Bomberman 3,SNES,1994.0,Puzzle,Hudson Soft,0.0,0.0,0.7,0.0,0.7
16427,Real Crimes: The Unicorn Killer,DS,2011.0,Puzzle,Unknown,0.0,0.01,0.0,0.0,0.01
11924,Make 10: A Journey of Numbers,DS,2007.0,Puzzle,Nintendo,0.0,0.0,0.07,0.0,0.07
15607,Aqua Panic!,DS,2009.0,Puzzle,Neko Entertainment,0.01,0.01,0.0,0.0,0.02
741,High School Musical: Makin' the Cut!,DS,2007.0,Puzzle,Disney Interactive Studios,1.06,0.91,0.0,0.23,2.2
13644,Jewel Quest Mysteries 2: Trail of the Midnight Heart,DS,2011.0,Puzzle,Unknown,0.0,0.04,0.0,0.01,0.04
15594,Puzzle Guzzle,PSP,2007.0,Puzzle,DHM Interactive,0.02,0.0,0.0,0.0,0.02
13347,Bubble Bobble Revolution,DS,2005.0,Puzzle,Atari,0.04,0.0,0.0,0.0,0.05
3500,Tetris Party Deluxe,Wii,2010.0,Puzzle,Nintendo,0.34,0.17,0.02,0.05,0.58
11467,Qubed,X360,2009.0,Puzzle,Atari,0.07,0.0,0.0,0.01,0.08
14167,Cake Mania: Baker's Challenge,PSP,2008.0,Puzzle,Destineer,0.03,0.0,0.0,0.0,0.03
6886,Are You Smarter than a 5th Grader? Game Time,DS,2009.0,Puzzle,THQ,0.22,0.0,0.0,0.02,0.24
3566,Ms. Pac-Man Maze Madness,GBA,2004.0,Puzzle,Zoo Digital Publishing,0.4,0.15,0.0,0.01,0.56
14009,Napoleon Dynamite: The Game,PSP,2007.0,Puzzle,Crave Entertainment,0.03,0.0,0.0,0.0,0.04
14637,Merv Griffin's Crosswords,DS,2008.0,Puzzle,ValuSoft,0.03,0.0,0.0,0.0,0.03
10459,Exit DS,DS,2008.0,Puzzle,Square Enix,0.09,0.0,0.01,0.01,0.1
14423,Bubble Bobble Evolution,PSP,2006.0,Puzzle,Rising Star Games,0.03,0.0,0.0,0.0,0.03
2042,Pong: The Next Level,PS,1998.0,Puzzle,Hasbro Interactive,0.56,0.38,0.0,0.07,1.01
9100,Pipe Mania,PS2,2008.0,Puzzle,Empire Interactive,0.07,0.05,0.0,0.02,0.14
14487,Super Collapse! II,GBA,2004.0,Puzzle,Majesco Entertainment,0.02,0.01,0.0,0.0,0.03
11480,Wetrix,N64,1998.0,Puzzle,Ocean,0.06,0.02,0.0,0.0,0.08
770,Tetris DS,DS,2006.0,Puzzle,Nintendo,0.64,0.07,1.35,0.08,2.13
2481,Q*bert,PS,1999.0,Puzzle,Atari,0.46,0.32,0.0,0.05,0.84
3038,TV Show King Party,Wii,2008.0,Puzzle,Ubisoft,0.18,0.41,0.0,0.08,0.67
647,Tetris Plus,PS,1996.0,Puzzle,JVC,2.1,0.24,0.0,0.07,2.4
12587,3D Lemmings,PS,1995.0,Puzzle,Psygnosis,0.03,0.02,0.0,0.0,0.06
9825,Animal Genius,DS,2007.0,Puzzle,Ubisoft,0.11,0.0,0.0,0.01,0.12
7683,Bust-A-Move 2 Arcade Edition,PS,1995.0,Puzzle,Acclaim Entertainment,0.11,0.07,0.0,0.01,0.2
2003,Bomberman 64,N64,1997.0,Puzzle,Hudson Soft,0.5,0.2,0.31,0.03,1.04
7927,Pictionary,DS,2010.0,Puzzle,THQ,0.1,0.07,0.0,0.02,0.19
12975,Zoo Quest: Puzzle Fun!,DS,2008.0,Puzzle,JoWood Productions,0.05,0.0,0.0,0.0,0.05
3840,We Love Katamari,PS2,2005.0,Puzzle,Electronic Arts,0.26,0.2,0.0,0.07,0.52
11670,PQ: Practical Intelligence Quotient,PSP,2005.0,Puzzle,D3Publisher,0.07,0.0,0.0,0.01,0.08
5600,Beautiful Katamari,X360,2007.0,Puzzle,Namco Bandai Games,0.14,0.02,0.15,0.02,0.32
15338,Mystery Tales 2: The Spirit Mask,DS,2011.0,Puzzle,Unknown,0.0,0.02,0.0,0.0,0.02
4453,Bomberman II,NES,1991.0,Puzzle,Hudson Soft,0.16,0.03,0.15,0.1,0.44
6065,Feel the Magic XY/XX,DS,2004.0,Puzzle,Sega,0.17,0.0,0.1,0.02,0.29
15239,Puyo Puyo! 15th Anniversary,PSP,2007.0,Puzzle,Sega,0.0,0.0,0.02,0.0,0.02
11777,Santa Claus Is Comin' to Town!,DS,2011.0,Puzzle,Crave Entertainment,0.07,0.0,0.0,0.01,0.07
13665,Mortimer Beckett and the Secrets of Spooky Manor,Wii,2008.0,Puzzle,Avanquest,0.04,0.0,0.0,0.0,0.04
6297,Pac-Pix,DS,2005.0,Puzzle,Namco Bandai Games,0.16,0.0,0.1,0.01,0.27
8276,Sudoku Gridmaster,DS,2006.0,Puzzle,Nintendo,0.13,0.03,0.0,0.01,0.17
9531,Puzzle de Harvest Moon,DS,2007.0,Puzzle,Natsume,0.12,0.0,0.0,0.01,0.13
6910,Scrabble (Others sales),DS,2009.0,Puzzle,Ubisoft,0.0,0.24,0.0,0.0,0.24
14274,Jig-A-Pix: Wild World,DS,2009.0,Puzzle,Zushi Games,0.03,0.01,0.0,0.0,0.03
7236,Jewel Quest: Expeditions,DS,2007.0,Puzzle,Avanquest,0.03,0.18,0.0,0.01,0.22
12786,Mighty Beanz: Pocket Puzzles,GBA,2004.0,Puzzle,Majesco Entertainment,0.04,0.01,0.0,0.0,0.06
11497,Soul Bubbles,DS,2008.0,Puzzle,Eidos Interactive,0.05,0.02,0.0,0.01,0.08
5208,Tetrisphere,N64,1997.0,Puzzle,Nintendo,0.29,0.06,0.0,0.0,0.36
14383,Doodle Hex,DS,2008.0,Puzzle,Pinnacle,0.0,0.03,0.0,0.0,0.03
12436,Bubble Bobble: Old & New,GBA,2002.0,Puzzle,Empire Interactive,0.04,0.02,0.0,0.0,0.06
15082,Treasure Chase,DS,2011.0,Puzzle,Storm City Games,0.02,0.0,0.0,0.0,0.02
4301,Puzzle & Dragons Z + Super Mario Bros. Edition,3DS,2015.0,Puzzle,Nintendo,0.05,0.05,0.34,0.01,0.46
16467,Egg Mania: Eggstreme Madness,GC,2002.0,Puzzle,Kemco,0.01,0.0,0.0,0.0,0.01
15625,Tiny Toon Adventures: Wacky Stackers,GBA,2001.0,Puzzle,Conspiracy Entertainment,0.01,0.0,0.0,0.0,0.02
13212,ZooCube,GBA,2002.0,Puzzle,Acclaim Entertainment,0.03,0.01,0.0,0.0,0.05
2555,The Next Tetris,PS,1998.0,Puzzle,Atari,0.45,0.31,0.0,0.05,0.81
1054,Personal Trainer: Math,DS,2007.0,Puzzle,Nintendo,0.49,1.12,0.0,0.09,1.7
5634,Kirby's Block Ball,GB,1995.0,Puzzle,Nintendo,0.0,0.0,0.32,0.0,0.32
11110,Super Puzzle Fighter II,GBA,,Puzzle,Capcom,0.06,0.02,0.0,0.0,0.09
7060,Neopets Puzzle Adventure,Wii,2008.0,Puzzle,Capcom,0.19,0.02,0.0,0.02,0.23
13621,Platinum Sudoku,DS,2007.0,Puzzle,Ubisoft,0.03,0.01,0.0,0.0,0.04
846,TouchMaster,DS,2007.0,Puzzle,Midway Games,0.49,1.27,0.0,0.25,2.01
15262,Jelly Belly: Ballistic Beans,Wii,2009.0,Puzzle,Zoo Digital Publishing,0.02,0.0,0.0,0.0,0.02
15080,Line Rider 2: Unbound,Wii,2008.0,Puzzle,Deep Silver,0.02,0.0,0.0,0.0,0.02
3662,CrossworDS,DS,2008.0,Puzzle,Deep Silver,0.51,0.0,0.0,0.04,0.55
2515,Clu Clu Land,NES,1984.0,Puzzle,Nintendo,0.42,0.1,0.28,0.02,0.82
4231,Classic NES Series: Pac-Man,GBA,2004.0,Puzzle,Nintendo,0.25,0.09,0.12,0.01,0.46
14506,Marble Madness / Klax,GBA,2005.0,Puzzle,Zoo Digital Publishing,0.02,0.01,0.0,0.0,0.03
5717,Bust-A-Move Universe,3DS,2011.0,Puzzle,Square Enix,0.08,0.15,0.06,0.03,0.31
1772,Qix,GB,1990.0,Puzzle,Nintendo,0.51,0.2,0.41,0.03,1.15
12515,Bust-A-Move '99,N64,1998.0,Puzzle,Acclaim Entertainment,0.05,0.01,0.0,0.0,0.06
10672,Sneakers,XB,2002.0,Puzzle,Microsoft Game Studios,0.07,0.02,0.0,0.0,0.1
10207,Go! Sudoku (JP sales),PSP,2005.0,Puzzle,Sony Computer Entertainment,0.0,0.0,0.11,0.0,0.11
10926,Henry Hatsworth in the Puzzling Adventure,DS,2009.0,Puzzle,Electronic Arts,0.08,0.01,0.0,0.01,0.09
8542,Puzzle Quest: Galactrix,DS,2009.0,Puzzle,D3Publisher,0.15,0.0,0.0,0.01,0.16
4450,Ms. Pac-Man Maze Madness,PS,2000.0,Puzzle,Namco Bandai Games,0.25,0.17,0.0,0.03,0.44
16231,Double Sequence: The Q-Virus Invasion,DS,2008.0,Puzzle,Zoo Digital Publishing,0.01,0.0,0.0,0.0,0.01
4086,Scrabble 2007 Edition,DS,2007.0,Puzzle,Ubisoft,0.0,0.48,0.0,0.0,0.48
9989,Puzzler World 2,DS,2010.0,Puzzle,Ubisoft,0.02,0.07,0.0,0.02,0.12
2704,Drawn to Life: The Next Chapter,Wii,2009.0,Puzzle,THQ,0.29,0.39,0.0,0.08,0.76
4496,Tetris Axis,3DS,2011.0,Puzzle,Tetris Online,0.2,0.13,0.06,0.03,0.43
3546,Super Bomberman,SNES,1992.0,Puzzle,Hudson Soft,0.0,0.0,0.57,0.0,0.57
12382,Sudoku Ball Detective,DS,2009.0,Puzzle,Playlogic Game Factory,0.06,0.0,0.0,0.0,0.06
2388,Pictionary,Wii,2010.0,Puzzle,THQ,0.61,0.19,0.0,0.07,0.87
16062,Alfa Romeo Racing Italiano,PS2,2005.0,Racing,Black Bean Games,0.01,0.01,0.0,0.0,0.01
10697,F1 2014,PC,2014.0,Racing,Codemasters,0.0,0.09,0.0,0.01,0.1
6109,Monster 4x4: Masters of Metal,PS2,2003.0,Racing,Ubisoft,0.14,0.11,0.0,0.04,0.28
12523,IHRA Professional Drag Racing 2005,XB,2004.0,Racing,Bethesda Softworks,0.04,0.01,0.0,0.0,0.06
11627,Ford vs. Chevy,XB,2005.0,Racing,Global Star,0.06,0.02,0.0,0.0,0.08
2720,Need for Speed: Shift,PSP,2009.0,Racing,Electronic Arts,0.16,0.38,0.01,0.21,0.76
6885,Juiced 2: Hot Import Nights,DS,2007.0,Racing,THQ,0.22,0.0,0.0,0.02,0.24
7967,MotoGP,Wii,2009.0,Racing,Capcom,0.05,0.11,0.0,0.02,0.19
629,Midnight Club: Los Angeles,PS3,2008.0,Racing,Take-Two Interactive,1.55,0.54,0.05,0.31,2.45
3338,Monster Trucks,GBA,2004.0,Racing,Majesco Entertainment,0.43,0.16,0.0,0.01,0.6
4055,WipEout Pulse,PS2,2009.0,Racing,Sony Computer Entertainment,0.0,0.15,0.0,0.33,0.49
1532,Need for Speed: Most Wanted,X360,2005.0,Racing,Electronic Arts,1.0,0.17,0.02,0.1,1.29
9058,Ford Racing Off Road,PSP,2008.0,Racing,Xplosiv,0.05,0.08,0.0,0.02,0.14
11391,Grand Prix Challenge,PS2,2002.0,Racing,Atari,0.04,0.03,0.0,0.01,0.08
7552,Saturday Night Speedway,PS2,2004.0,Racing,Play It,0.1,0.08,0.0,0.03,0.2
6743,Dreamworks Madagascar Kartz,X360,2009.0,Racing,Activision,0.14,0.09,0.0,0.02,0.25
8726,Driven,PS2,2001.0,Racing,BAM! Entertainment,0.08,0.06,0.0,0.02,0.15
1836,GRID,PS3,2008.0,Racing,Codemasters,0.31,0.57,0.03,0.2,1.11
11235,Indianapolis 500 Legends,DS,2007.0,Racing,Destineer,0.08,0.0,0.0,0.01,0.09
8940,F1 2011,PSV,2011.0,Racing,Codemasters,0.03,0.08,0.01,0.03,0.15
10777,MotoGP 2,XB,2003.0,Racing,THQ,0.07,0.02,0.0,0.0,0.1
3235,MySims Racing,DS,2009.0,Racing,Electronic Arts,0.26,0.29,0.0,0.07,0.63
9797,Rush,PSP,2006.0,Racing,Midway Games,0.11,0.0,0.0,0.01,0.12
8320,Tokyo Xtreme Racer,DC,1999.0,Racing,Genki,0.0,0.0,0.17,0.0,0.17
609,Crazy Taxi,PS2,2001.0,Racing,Acclaim Entertainment,1.13,1.12,0.06,0.22,2.52
10897,Freekstyle,GC,2002.0,Racing,Electronic Arts,0.07,0.02,0.0,0.0,0.09
11612,Gadget Racers,PS2,2000.0,Racing,Midas Interactive Entertainment,0.04,0.03,0.0,0.01,0.08
11678,Need for Speed: Most Wanted,PC,2012.0,Racing,Electronic Arts,0.0,0.06,0.0,0.02,0.08
8470,Vehicular Combat League presents Motor Mayhem,PS2,2001.0,Racing,Atari,0.08,0.06,0.0,0.02,0.16
11047,V-Rally Edition 99,N64,1998.0,Racing,Infogrames,0.07,0.02,0.0,0.0,0.09
9093,OutRun 2,XB,2004.0,Racing,Sega,0.11,0.03,0.0,0.01,0.14
9862,DreamWorks Super Star Kartz,3DS,2011.0,Racing,Activision,0.08,0.03,0.0,0.01,0.12
16577,Yattaman Wii: BikkuriDokkiri Machine de Mou Race da Koron,Wii,2008.0,Racing,Takara Tomy,0.0,0.0,0.01,0.0,0.01
1734,Rage Racer,PS,1996.0,Racing,Sony Computer Entertainment,0.16,0.11,0.83,0.08,1.17
3190,F1 2013,PS3,2013.0,Racing,Codemasters,0.01,0.45,0.03,0.15,0.63
6749,Fuel,PS3,2009.0,Racing,Codemasters,0.08,0.12,0.0,0.05,0.25
12176,Mega Man: Battle & Chase,PS,1997.0,Racing,Capcom,0.0,0.0,0.06,0.0,0.07
5226,ATV/Monster Truck Mayhem,DS,2007.0,Racing,"Destination Software, Inc",0.33,0.0,0.0,0.02,0.36
1527,Need for Speed Carbon,Wii,2006.0,Racing,Electronic Arts,0.46,0.66,0.02,0.15,1.29
16192,Sonic & All-Stars Racing Transformed,PC,2013.0,Racing,Sega,0.0,0.01,0.0,0.0,0.01
6026,Top Gear Overdrive,N64,1998.0,Racing,Kemco,0.23,0.06,0.0,0.0,0.29
14553,Pimp My Ride: Street Racing,DS,2009.0,Racing,Activision,0.03,0.0,0.0,0.0,0.03
10012,NASCAR 07,PS2,2006.0,Racing,Electronic Arts,0.06,0.04,0.0,0.01,0.11
5049,Rogue Trip: Vacation 2012,PS,1998.0,Racing,GT Interactive,0.21,0.14,0.0,0.02,0.38
8109,Burnout Legends,DS,2005.0,Racing,Electronic Arts,0.15,0.02,0.0,0.01,0.18
3959,Midnight Club II,XB,2003.0,Racing,Take-Two Interactive,0.42,0.06,0.0,0.02,0.5
7628,IHRA Drag Racing 2004,XB,2003.0,Racing,Bethesda Softworks,0.15,0.04,0.0,0.01,0.2
6969,Hot Wheels: Beat That!,DS,2007.0,Racing,Activision,0.22,0.0,0.0,0.02,0.23
13895,WRC: FIA World Rally Championship,PSP,2005.0,Racing,Sony Computer Entertainment,0.02,0.01,0.0,0.01,0.04
70,Gran Turismo 2,PS,1999.0,Racing,Sony Computer Entertainment,3.88,3.42,1.69,0.5,9.49
1380,NASCAR 2005: Chase for the Cup,PS2,2004.0,Racing,Electronic Arts,0.69,0.54,0.0,0.18,1.41
4067,F1 2014,PS3,2014.0,Racing,Codemasters,0.07,0.31,0.02,0.08,0.49
15954,Choro Q,PS2,2003.0,Racing,Zoo Digital Publishing,0.01,0.01,0.0,0.0,0.02
6494,Need for Speed: Most Wanted,GBA,2005.0,Racing,Electronic Arts,0.19,0.07,0.0,0.0,0.26
10721,Burnout Paradise: The Ultimate Box,PC,2009.0,Racing,Electronic Arts,0.0,0.08,0.0,0.01,0.1
6651,Cars,X360,2006.0,Racing,THQ,0.22,0.02,0.0,0.02,0.25
15919,Powerbike,DS,2009.0,Racing,Majesco Entertainment,0.01,0.0,0.0,0.0,0.02
43,Mario Kart 7,3DS,2011.0,Racing,Nintendo,4.74,3.91,2.67,0.89,12.21
5859,Cart World Series,PS,1997.0,Racing,Sony Computer Entertainment,0.17,0.11,0.0,0.02,0.3
11690,R: Racing Evolution,GC,2003.0,Racing,Namco Bandai Games,0.06,0.02,0.0,0.0,0.08
10385,Total Immersion Racing,PS2,2002.0,Racing,Empire Interactive,0.05,0.04,0.0,0.01,0.11
2466,ATV Quad Power Racing 2,PS2,2003.0,Racing,Acclaim Entertainment,0.41,0.32,0.0,0.11,0.84
884,Jet Moto 2,PS,1997.0,Racing,Sony Computer Entertainment,1.41,0.42,0.03,0.07,1.94
13193,MTX Mototrax,PSP,2006.0,Racing,Activision,0.04,0.0,0.0,0.0,0.05
9998,GT Advance 2: Rally Racing,GBA,2001.0,Racing,THQ,0.08,0.03,0.0,0.0,0.11
1022,Cruis'n USA,N64,1996.0,Racing,Nintendo,1.69,0.04,0.0,0.01,1.74
12517,Polaris SnoCross,N64,2000.0,Racing,Vatical Entertainment,0.05,0.01,0.0,0.0,0.06
15873,V-Rally 3,XB,2003.0,Racing,Atari,0.01,0.0,0.0,0.0,0.02
7179,MotoGP 09/10,PS3,2010.0,Racing,Capcom,0.05,0.13,0.0,0.04,0.22
2004,Jeremy McGrath Supercross 98,PS,1998.0,Racing,Acclaim Entertainment,0.91,0.1,0.0,0.03,1.04
5991,FlatOut: Head On,PSP,2008.0,Racing,Empire Interactive,0.13,0.11,0.0,0.06,0.29
3587,Need for Speed: Most Wanted,GC,2005.0,Racing,Electronic Arts,0.43,0.11,0.0,0.02,0.56
3026,Need For Speed: Undercover,Wii,2008.0,Racing,Electronic Arts,0.27,0.32,0.0,0.07,0.67
3340,Wave Race: Blue Storm,GC,2001.0,Racing,Nintendo,0.4,0.1,0.09,0.02,0.6
15051,Total Immersion Racing,XB,2002.0,Racing,Empire Interactive,0.02,0.01,0.0,0.0,0.02
14923,Spy Hunter / Super Sprint,GBA,2005.0,Racing,Zoo Digital Publishing,0.02,0.01,0.0,0.0,0.02
11983,Aero Gauge,N64,1997.0,Racing,ASCII Entertainment,0.06,0.01,0.0,0.0,0.07
1980,The Simpsons: Road Rage,XB,2001.0,Racing,Electronic Arts,0.78,0.26,0.0,0.01,1.05
6903,4x4 EVO 2,XB,2001.0,Racing,Gathering of Developers,0.18,0.05,0.0,0.01,0.24
273,Gran Turismo 5 Prologue,PS3,2007.0,Racing,Sony Computer Entertainment,1.28,1.83,0.57,0.53,4.2
14345,Dodge Racing: Charger vs Challenger,DS,2009.0,Racing,Zushi Games,0.03,0.0,0.0,0.0,0.03
9432,Destruction Derby Arenas,PS2,2004.0,Racing,Sony Computer Entertainment,0.06,0.05,0.0,0.02,0.13
8011,MotoGP 14,PS4,2014.0,Racing,Milestone S.r.l.,0.04,0.11,0.0,0.04,0.18
12926,TrackMania Turbo: Build to Race,DS,2010.0,Racing,Ubisoft,0.03,0.02,0.0,0.01,0.05
13032,Batman: Gotham City Racer,PS,2001.0,Racing,Ubisoft,0.03,0.02,0.0,0.0,0.05
12924,Tour de France 2011,X360,,Racing,Focus Home Interactive,0.0,0.05,0.0,0.01,0.05
15402,Motocross Mania 3,XB,2005.0,Racing,Take-Two Interactive,0.01,0.0,0.0,0.0,0.02
4210,Cars: Race-O-Rama,PS2,2009.0,Racing,THQ,0.27,0.03,0.0,0.17,0.47
499,Need for Speed: Most Wanted,PS3,2012.0,Racing,Electronic Arts,0.71,1.51,0.06,0.61,2.89
634,Need for Speed Carbon: Own the City,PSP,2006.0,Racing,Electronic Arts,0.87,0.98,0.0,0.59,2.44
16511,The Rise of the Argonauts,PC,2008.0,Role-Playing,Codemasters,0.0,0.01,0.0,0.0,0.01
7138,Justice League Heroes,PSP,2006.0,Role-Playing,Eidos Interactive,0.2,0.01,0.0,0.02,0.22
12473,Warriors of the Lost Empire,PSP,2007.0,Role-Playing,Mercury Games,0.05,0.0,0.0,0.01,0.06
8244,SaGa 2: Hihou Densetsu - Goddess of Destiny,DS,2009.0,Role-Playing,Square Enix,0.0,0.0,0.17,0.0,0.17
458,Mass Effect 3,X360,2012.0,Role-Playing,Electronic Arts,1.94,0.86,0.03,0.24,3.07
5974,Guardian Heroes,SAT,1995.0,Role-Playing,Sega,0.0,0.0,0.29,0.0,0.29
4520,InuYasha: The Secret of the Cursed Mask,PS2,2004.0,Role-Playing,Namco Bandai Games,0.21,0.17,0.0,0.06,0.43
3429,Final Fantasy Anniversary Edition,PSP,2007.0,Role-Playing,Square Enix,0.39,0.02,0.13,0.04,0.59
13262,Sword Art Online: Game Director's Edition,PS4,2015.0,Role-Playing,Namco Bandai Games,0.0,0.0,0.05,0.0,0.05
8792,Tears to Tiara II: Heir of the Overlord,PS3,2013.0,Role-Playing,Nippon Ichi Software,0.07,0.02,0.06,0.01,0.15
14339,Dragon's Dogma Online,PS3,2015.0,Role-Playing,Capcom,0.0,0.0,0.03,0.0,0.03
3430,Dark Souls II,PS4,2015.0,Role-Playing,Namco Bandai Games,0.2,0.22,0.08,0.08,0.59
15063,DemiKids: Dark Version,GBA,2002.0,Role-Playing,Atlus,0.02,0.01,0.0,0.0,0.02
3830,Spectrobes: Beyond the Portals,DS,2008.0,Role-Playing,Disney Interactive Studios,0.37,0.11,0.0,0.04,0.52
6952,DC Universe Online,PC,2011.0,Role-Playing,Sony Online Entertainment,0.16,0.06,0.0,0.02,0.24
1988,Pokemon Conquest,DS,2012.0,Role-Playing,Nintendo,0.58,0.06,0.37,0.04,1.05
15789,Mana Khemia 2: Ochita Gakuen to Renkinjutsushi Tachi Portable+,PSP,2009.0,Role-Playing,Gust,0.0,0.0,0.02,0.0,0.02
16484,Dengeki Gakuen RPG: Cross of Venus Special,DS,2011.0,Role-Playing,ASCII Media Works,0.0,0.0,0.01,0.0,0.01
1602,Tales of Xillia,PS3,2011.0,Role-Playing,Namco Bandai Games,0.29,0.19,0.67,0.09,1.24
11717,Baroque,Wii,2008.0,Role-Playing,Rising Star Games,0.07,0.0,0.0,0.0,0.08
4987,Dragon's Crown,PSV,2013.0,Role-Playing,Nippon Ichi Software,0.16,0.05,0.12,0.05,0.38
14562,Hyperdimension Neptunia Vs. Sega Hard Girls: Yume no Gattai Special,PSV,2015.0,Role-Playing,Compile Heart,0.0,0.0,0.03,0.0,0.03
6041,The Lord of the Rings: The Third Age,GC,2004.0,Role-Playing,Electronic Arts,0.22,0.06,0.0,0.01,0.29
2243,Inazuma Eleven 3,DS,2010.0,Role-Playing,Level 5,0.0,0.0,0.93,0.0,0.93
6460,King's Field II,PS,1996.0,Role-Playing,From Software,0.08,0.06,0.11,0.02,0.26
13475,Atelier Escha & Logy: Alchemists of the Dusk Sky,PSV,2015.0,Role-Playing,Tecmo Koei,0.0,0.0,0.04,0.0,0.04
1861,Famicom Jump: Eiyuu Retsuden,NES,1989.0,Role-Playing,Namco Bandai Games,0.0,0.0,1.1,0.0,1.1
6129,Yu-Gi-Oh! Double Pack,GBA,2006.0,Role-Playing,Konami Digital Entertainment,0.2,0.08,0.0,0.01,0.28
1036,The Elder Scrolls Online,PS4,2015.0,Role-Playing,Bethesda Softworks,0.66,0.78,0.0,0.28,1.72
5823,Magna Carta 2,X360,2009.0,Role-Playing,Banpresto,0.13,0.08,0.07,0.02,0.3
6493,Final Fantasy V Advance,GBA,2006.0,Role-Playing,Nintendo,0.0,0.0,0.26,0.01,0.26
6089,World of Warcraft: Legion,PC,2016.0,Role-Playing,Activision,0.14,0.12,0.0,0.02,0.29
15313,Dungeons & Dragons: Shadow over Mystara,PS3,2013.0,Role-Playing,Capcom,0.0,0.0,0.02,0.0,0.02
12004,Tales of Rebirth,PSP,2008.0,Role-Playing,Namco Bandai Games,0.0,0.0,0.07,0.0,0.07
8251,Dungeon Siege III,PC,2011.0,Role-Playing,Square Enix,0.08,0.08,0.0,0.02,0.17
14499,CIMA: The Enemy,GBA,2003.0,Role-Playing,Marvelous Interactive,0.02,0.01,0.0,0.0,0.03
9125,Naruto RPG 2: Chidori vs Rasengan,DS,2005.0,Role-Playing,Tomy Corporation,0.0,0.0,0.14,0.0,0.14
4549,Dawn of Mana,PS2,2006.0,Role-Playing,Square Enix,0.07,0.05,0.29,0.02,0.43
10140,Criminal Girls: Invite Only,PSV,2013.0,Role-Playing,Nippon Ichi Software,0.04,0.02,0.04,0.02,0.11
16220,Far East of Eden II: Manji Maru,DS,2006.0,Role-Playing,Hudson Soft,0.0,0.0,0.01,0.0,0.01
8831,Final Fantasy XI: Vana'diel Collection 2008,X360,2007.0,Role-Playing,Square Enix,0.13,0.0,0.01,0.01,0.15
8678,7th Dragon III Code: VFD,3DS,2015.0,Role-Playing,Sega,0.03,0.0,0.12,0.0,0.16
5428,Persona 5,PS4,2016.0,Role-Playing,Atlus,0.0,0.0,0.34,0.0,0.34
15641,Elminage II: Sousei no Megami to Unmei no Daichi,PSP,2009.0,Role-Playing,Starfish,0.0,0.0,0.02,0.0,0.02
11898,Grand Kingdom,PSV,2015.0,Role-Playing,Nippon Ichi Software,0.01,0.02,0.04,0.01,0.07
12953,Growlanser: Heritage of War (jp sales),PS2,2006.0,Role-Playing,Rising Star Games,0.0,0.0,0.05,0.0,0.05
10285,Digimon Story: Cyber Sleuth,PS4,2016.0,Role-Playing,Namco Bandai Games,0.0,0.09,0.0,0.02,0.11
3848,Final Fantasy Explorers,3DS,2014.0,Role-Playing,Square Enix,0.15,0.07,0.28,0.02,0.52
8076,Dungeon Travelers 2: The Royal Library & The Monster Seal,PSV,2014.0,Role-Playing,Atlus,0.07,0.03,0.05,0.03,0.18
1041,Star Ocean: Till The End of Time,PS2,2003.0,Role-Playing,Ubisoft,0.8,0.21,0.55,0.15,1.72
4796,Medarot: Kabuto / Kuwagata Version,GB,1997.0,Role-Playing,Imagineer,0.0,0.0,0.4,0.0,0.4
943,Demon's Souls,PS3,2009.0,Role-Playing,Namco Bandai Games,0.97,0.34,0.35,0.18,1.84
694,Pokemon Ranger: Shadows of Almia,DS,2008.0,Role-Playing,Nintendo,0.95,0.54,0.62,0.18,2.3
446,The Elder Scrolls IV: Oblivion,PS3,2007.0,Role-Playing,Ubisoft,1.69,0.87,0.14,0.42,3.12
9336,Final Fantasy XI: Rise of the Zilart,PS2,2003.0,Role-Playing,Square Enix,0.0,0.0,0.13,0.0,0.13
9294,Shining Resonance,PS3,2014.0,Role-Playing,Sega,0.0,0.0,0.14,0.0,0.14
13133,Atelier Rorona: Alchemist of Arland,PSV,2013.0,Role-Playing,Nippon Ichi Software,0.0,0.0,0.05,0.0,0.05
10608,Sword & Sorcery,SAT,1996.0,Role-Playing,Micro Cabin,0.0,0.0,0.1,0.0,0.1
12951,Persona 2: Eternal Punishment,PSP,2012.0,Role-Playing,Atlus,0.0,0.0,0.05,0.0,0.05
5924,Star Ocean 5: Integrity and Faithlessness,PS4,2016.0,Role-Playing,Square Enix,0.06,0.07,0.14,0.02,0.3
5931,Dragon Quest Builders: Revive Alefgard,PSV,2016.0,Role-Playing,Square Enix,0.0,0.0,0.3,0.0,0.3
15672,Tegami Bachi: Kokoro Tsumugu Mono e,PSP,2010.0,Role-Playing,Konami Digital Entertainment,0.0,0.0,0.02,0.0,0.02
7086,Star Ocean,SNES,1996.0,Role-Playing,Enix Corporation,0.0,0.0,0.23,0.0,0.23
12323,Zill O'll Infinite Plus,PSP,2009.0,Role-Playing,Tecmo Koei,0.0,0.0,0.06,0.0,0.06
11750,Magic Pengel: The Quest for Color,PS2,2002.0,Role-Playing,Taito,0.04,0.03,0.0,0.01,0.07
13002,Natural Doctrine,PS3,2014.0,Role-Playing,Nippon Ichi Software,0.03,0.01,0.01,0.01,0.05
3061,Darkstone,PS,2001.0,Role-Playing,Electronic Arts,0.37,0.25,0.0,0.04,0.66
7268,Growlanser: Heritage of War,PS2,2006.0,Role-Playing,Rising Star Games,0.11,0.08,0.0,0.03,0.22
7093,Alundra,PS,1997.0,Role-Playing,Psygnosis,0.13,0.09,0.0,0.01,0.23
13280,Monster Hunter Frontier Online,PS3,,Role-Playing,,0.0,0.0,0.05,0.0,0.05
13411,Brave Story: New Traveller (jp sales),PSP,2006.0,Role-Playing,Sony Computer Entertainment,0.0,0.0,0.05,0.0,0.05
8617,Rondo of Swords (US sales),DS,2007.0,Role-Playing,Success,0.16,0.0,0.0,0.0,0.16
6077,Final Fantasy X-2: International + Last Mission,PS2,2004.0,Role-Playing,Square Enix,0.0,0.0,0.29,0.0,0.29
12123,Katekyoo Hitman Reborn! DS: Fate of Heat - Hono no Unmei,DS,2008.0,Role-Playing,Takara Tomy,0.0,0.0,0.07,0.0,0.07
12717,Rhapsody: A Musical Adventure,DS,2008.0,Role-Playing,Nippon Ichi Software,0.05,0.0,0.0,0.0,0.06
2761,Marvel: Ultimate Alliance 2,PS3,2009.0,Role-Playing,Activision,0.49,0.16,0.0,0.09,0.75
5327,From TV Animation One Piece: Tobidase Kaizokudan!,PS,2001.0,Role-Playing,Namco Bandai Games,0.0,0.0,0.32,0.02,0.35
5339,Lunar 2: Eternal Blue Complete,PS,1999.0,Role-Playing,Kadokawa Shoten,0.19,0.13,0.0,0.02,0.35
10583,Wasteland 2,PS4,2015.0,Role-Playing,Deep Silver,0.07,0.0,0.01,0.02,0.1
12652,Nendoroid Generation,PSP,2012.0,Role-Playing,Namco Bandai Games,0.0,0.0,0.06,0.0,0.06
8080,Super Robot Taisen UX,3DS,2013.0,Role-Playing,Namco Bandai Games,0.0,0.0,0.18,0.0,0.18
1206,Ni no Kuni: Wrath of the White Witch,PS3,2011.0,Role-Playing,Namco Bandai Games,0.6,0.51,0.21,0.23,1.55
9078,Star Wars: Knights of the Old Republic,PC,2003.0,Role-Playing,LucasArts,0.01,0.1,0.0,0.02,0.14
12658,Katekyoo Hitman Reborn! DS Fate of Heat III - Yuki no Shugosha Raishuu!,DS,2010.0,Role-Playing,Marvelous Interactive,0.0,0.0,0.06,0.0,0.06
5965,NieR,X360,2010.0,Role-Playing,Square Enix,0.13,0.1,0.04,0.02,0.29
3506,Shin Megami Tensei IV,3DS,2013.0,Role-Playing,Atlus,0.28,0.0,0.27,0.02,0.57
3561,Breath of Fire IV,PS,2000.0,Role-Playing,Capcom,0.11,0.08,0.34,0.04,0.56
1453,SaGa Frontier,PS,1997.0,Role-Playing,SquareSoft,0.15,0.04,1.07,0.09,1.35
6532,Muramasa: The Demon Blade,PSV,2013.0,Role-Playing,Marvelous Entertainment,0.13,0.0,0.1,0.03,0.26
16469,Magicians Academy,PS2,2007.0,Role-Playing,Enterbrain,0.0,0.0,0.01,0.0,0.01
11671,Duke Nukem: Land of the Babes,PS,2000.0,Shooter,Atari,0.04,0.03,0.0,0.0,0.08
501,Call of Duty: Finest Hour,PS2,2004.0,Shooter,Activision,1.51,1.12,0.01,0.24,2.89
6153,Dead to Rights: Retribution,PS3,2010.0,Shooter,Namco Bandai Games,0.1,0.12,0.02,0.05,0.28
2166,Tom Clancy's Ghost Recon: Future Soldier,PS3,2012.0,Shooter,Ubisoft,0.41,0.33,0.09,0.12,0.96
5749,Brothers In Arms: Earned in Blood,XB,2005.0,Shooter,Ubisoft,0.23,0.07,0.0,0.01,0.31
13048,Enemy Front,X360,2014.0,Shooter,Namco Bandai Games,0.02,0.03,0.0,0.0,0.05
440,Halo: The Master Chief Collection,XOne,2014.0,Shooter,Microsoft Game Studios,1.89,0.99,0.03,0.24,3.15
2162,Lost Planet 2,PS3,2010.0,Shooter,Capcom,0.29,0.34,0.2,0.13,0.96
12413,SpongeBob SquarePants: Plankton's Robotic Revenge,3DS,2013.0,Shooter,Activision,0.0,0.06,0.0,0.0,0.06
4527,Spec Ops: The Line,X360,2012.0,Shooter,Take-Two Interactive,0.21,0.19,0.0,0.04,0.43
245,Call of Duty: Advanced Warfare,PS3,2014.0,Shooter,Activision,1.54,1.94,0.19,0.77,4.45
12525,Destiny: The Collection,PS4,2016.0,Shooter,Activision,0.01,0.04,0.0,0.01,0.06
14968,Chili Con Carnage,PSP,2007.0,Shooter,Eidos Interactive,0.0,0.02,0.0,0.01,0.02
4266,Brothers In Arms: Road to Hill 30,PS2,2005.0,Shooter,Ubisoft,0.38,0.01,0.0,0.06,0.46
134,Halo 3: ODST,X360,2009.0,Shooter,Microsoft Game Studios,4.34,1.35,0.06,0.61,6.36
1819,Moon Patrol,2600,1982.0,Shooter,Atari,1.05,0.06,0.0,0.01,1.12
4341,Area 51,PS2,2005.0,Shooter,Midway Games,0.22,0.17,0.0,0.06,0.45
12669,Tom Clancy's Ghost Recon: Advanced Warfighter,PS2,2006.0,Shooter,Ubisoft,0.03,0.02,0.0,0.01,0.06
3117,Centipede,PS,1998.0,Shooter,Atari,0.36,0.25,0.0,0.04,0.65
13349,Time Crisis: Project Titan,PS,2001.0,Shooter,Namco Bandai Games,0.03,0.02,0.0,0.0,0.05
1967,Cosmic Ark,2600,1981.0,Shooter,Imagic,0.99,0.05,0.0,0.01,1.05
4395,Defender II,2600,1987.0,Shooter,Atari,0.42,0.02,0.0,0.0,0.45
8495,Robotech: Battlecry,GC,2002.0,Shooter,TDK Mediactive,0.13,0.03,0.0,0.0,0.16
8169,Otomedius Excellent,X360,,Shooter,Unknown,0.13,0.0,0.04,0.01,0.18
2750,Coded Arms,PSP,2005.0,Shooter,Konami Digital Entertainment,0.28,0.29,0.0,0.18,0.75
1968,SOCOM: U.S. Navy SEALs Fireteam Bravo 2,PSP,2006.0,Shooter,Sony Computer Entertainment,0.81,0.11,0.0,0.13,1.05
6837,Kill.Switch,XB,2003.0,Shooter,Namco Bandai Games,0.18,0.05,0.0,0.01,0.24
13937,Greg Hastings' Tournament Paintball Max'd,DS,2006.0,Shooter,Activision,0.03,0.0,0.0,0.0,0.04
551,Call of Duty 3,X360,2006.0,Shooter,Activision,1.49,0.93,0.02,0.27,2.71
11695,Vietcong: Purple Haze,XB,2004.0,Shooter,Gathering of Developers,0.06,0.02,0.0,0.0,0.08
4261,Brothers In Arms: D-Day,PSP,2006.0,Shooter,Ubisoft,0.23,0.14,0.0,0.09,0.46
10974,Total Overdose: A Gunslinger's Tale in Mexico,PS2,2005.0,Shooter,Eidos Interactive,0.04,0.04,0.0,0.01,0.09
7802,50 Cent: Blood on the Sand,PS3,2009.0,Shooter,THQ,0.1,0.06,0.01,0.03,0.19
4703,"Transformers: Revenge of the Fallen (XBox 360, PS3, & PC Versions)",PSP,2009.0,Shooter,Activision,0.17,0.15,0.0,0.09,0.41
11133,Ikaruga,GC,2003.0,Shooter,Atari,0.07,0.02,0.0,0.0,0.09
15013,Serious Sam HD: Gold Edition,X360,2011.0,Shooter,Mastertronic,0.0,0.02,0.0,0.0,0.02
4295,Space Invaders,SNES,1994.0,Shooter,Taito,0.0,0.0,0.46,0.0,0.46
4238,F.E.A.R. 3,PS3,2011.0,Shooter,Warner Bros. Interactive Entertainment,0.21,0.17,0.01,0.07,0.46
2747,Red Faction: Guerrilla,PS3,2009.0,Shooter,THQ,0.33,0.28,0.02,0.12,0.75
9563,Gunstar Heroes,GEN,1992.0,Shooter,Sega,0.0,0.0,0.13,0.0,0.13
8665,Trigger Man,PS2,2004.0,Shooter,Play It,0.08,0.06,0.0,0.02,0.16
11609,Gunblade NY & L.A. Machineguns Arcade Hits Pack,Wii,2010.0,Shooter,Sega,0.06,0.01,0.0,0.01,0.08
9851,Famicom Mini: TwinBee,GBA,2004.0,Shooter,Konami Digital Entertainment,0.0,0.0,0.12,0.0,0.12
3459,Titanfall,PC,2014.0,Shooter,Electronic Arts,0.21,0.3,0.0,0.07,0.58
2473,Borderlands: The Handsome Collection,PS4,2015.0,Shooter,Take-Two Interactive,0.36,0.32,0.03,0.14,0.84
8654,Sniper: Ghost Warrior,PC,2010.0,Shooter,City Interactive,0.0,0.13,0.0,0.03,0.16
10113,Heavy Fire: Afghanistan,Wii,2011.0,Shooter,Mastiff,0.11,0.0,0.0,0.01,0.11
12944,DoDonPachi Resurrection,X360,2010.0,Shooter,Rising Star Games,0.0,0.05,0.0,0.01,0.05
1535,Transformers,PS2,2004.0,Shooter,Atari,0.63,0.49,0.0,0.16,1.29
5381,Hitman: Contracts,XB,2004.0,Shooter,Eidos Interactive,0.26,0.07,0.0,0.01,0.34
11172,F.E.A.R. Files,X360,2007.0,Shooter,Vivendi Games,0.07,0.01,0.0,0.01,0.09
3334,Call of Juarez: Bound in Blood,X360,2009.0,Shooter,Ubisoft,0.3,0.24,0.0,0.06,0.61
15517,Triggerheart Excelica Enhanced,PS2,2009.0,Shooter,Alchemist,0.0,0.0,0.02,0.0,0.02
9087,Doom,GBA,2001.0,Shooter,Activision,0.1,0.04,0.0,0.0,0.14
5575,Dead Space 2,PC,2011.0,Shooter,Electronic Arts,0.13,0.15,0.0,0.05,0.33
14109,Marines: Modern Urban Combat,Wii,2010.0,Shooter,O-Games,0.03,0.0,0.0,0.0,0.03
8002,Syndicate,X360,2012.0,Shooter,Electronic Arts,0.1,0.06,0.0,0.02,0.18
3683,Metro 2033,X360,2010.0,Shooter,THQ,0.22,0.24,0.03,0.05,0.55
12533,Combat Elite: WWII Paratroopers,PS2,,Shooter,Unknown,0.03,0.02,0.0,0.01,0.06
1381,Call of Duty: Black Ops,Wii,2010.0,Shooter,Activision,0.82,0.47,0.0,0.12,1.4
11340,Nano Assault,3DS,2011.0,Shooter,Majesco Entertainment,0.08,0.0,0.0,0.01,0.08
1909,Tom Clancy's Ghost Recon 2,PS2,2004.0,Shooter,Ubisoft,0.64,0.34,0.0,0.1,1.08
5120,Rage,PC,2011.0,Shooter,Bethesda Softworks,0.14,0.18,0.0,0.06,0.37
3803,Bulletstorm,PS3,2011.0,Shooter,Electronic Arts,0.23,0.2,0.01,0.08,0.53
4079,Battlefield: Hardline,PS3,2015.0,Shooter,Electronic Arts,0.12,0.23,0.07,0.07,0.49
16232,Brothers in Arms: Furious 4,X360,,Shooter,,0.01,0.0,0.0,0.0,0.01
13696,WarJetz,PS2,2001.0,Shooter,3DO,0.02,0.02,0.0,0.01,0.04
8010,Close Combat: First to Fight,XB,2005.0,Shooter,Take-Two Interactive,0.14,0.04,0.0,0.01,0.18
8138,Heavy Fire: Afghanistan,PS3,2011.0,Shooter,Unknown,0.17,0.0,0.0,0.01,0.18
2825,James Bond 007: Agent Under Fire,GC,2002.0,Shooter,Electronic Arts,0.56,0.15,0.0,0.02,0.72
1864,NERF N-Strike,Wii,2008.0,Shooter,Electronic Arts,0.92,0.09,0.0,0.09,1.1
1588,Tom Clancy's Rainbow Six: Vegas,PS3,2007.0,Shooter,Ubisoft,0.47,0.53,0.03,0.22,1.25
16245,F.E.A.R. Perseus Mandate,PC,2007.0,Shooter,Vivendi Games,0.01,0.0,0.0,0.0,0.01
2634,Metroid Prime Hunters,DS,2006.0,Shooter,Nintendo,0.58,0.04,0.11,0.06,0.78
8777,Project Sylpheed: Arc of Deception,X360,2006.0,Shooter,Microsoft Game Studios,0.12,0.01,0.02,0.01,0.15
8383,James Bond 007: Everything or Nothing,GBA,2003.0,Shooter,Electronic Arts,0.12,0.04,0.0,0.0,0.17
13970,C.O.R.E.,DS,2009.0,Shooter,Graffiti,0.03,0.0,0.0,0.0,0.04
80,Halo 2,XB,2004.0,Shooter,Microsoft Game Studios,6.82,1.53,0.05,0.08,8.49
3144,Max Payne 2: The Fall of Max Payne,XB,2003.0,Shooter,Take-Two Interactive,0.47,0.15,0.0,0.02,0.64
3289,Plants vs. Zombies: Garden Warfare,PS4,2014.0,Shooter,Electronic Arts,0.21,0.29,0.01,0.11,0.61
5738,EinhÃ¤nder,PS,1997.0,Shooter,SquareSoft,0.1,0.07,0.13,0.02,0.31
14478,Lethal Enforcers I & II,PS,1996.0,Shooter,Konami Digital Entertainment,0.02,0.01,0.0,0.0,0.03
13964,World of Tanks,X360,,Shooter,,0.0,0.03,0.0,0.0,0.04
907,Destiny: The Taken King,PS4,2015.0,Shooter,Activision,0.77,0.78,0.04,0.31,1.91
3687,Red Dead Revolver,XB,2004.0,Shooter,Take-Two Interactive,0.4,0.12,0.0,0.02,0.55
15820,Platypus,PSP,2006.0,Shooter,Funsta,0.02,0.0,0.0,0.0,0.02
13813,Brothers In Arms DS,DS,2007.0,Shooter,Ubisoft,0.03,0.0,0.0,0.0,0.04
15537,Urban Chaos: Riot Response,XB,2006.0,Shooter,Eidos Interactive,0.01,0.0,0.0,0.0,0.02
9164,Epidemic,PS,1995.0,Shooter,Sony Computer Entertainment,0.02,0.01,0.1,0.01,0.14
3011,Return to Castle Wolfenstein: Tides of War,XB,2003.0,Shooter,Activision,0.49,0.16,0.0,0.02,0.67
6701,The Sims 2,XB,2005.0,Simulation,Electronic Arts,0.19,0.05,0.0,0.01,0.25
14238,The Sims 2: Glamour Life Stuff,PC,2006.0,Simulation,Electronic Arts,0.0,0.03,0.0,0.01,0.03
909,Star Wars Rogue Leader: Rogue Squadron II,GC,2001.0,Simulation,LucasArts,1.03,0.75,0.03,0.09,1.9
7948,Star Trek: Legacy,X360,,Simulation,Ubisoft,0.14,0.03,0.0,0.02,0.19
504,Imagine: Babyz,DS,2007.0,Simulation,Ubisoft,1.3,1.27,0.0,0.31,2.88
4726,Fantastic Pets,X360,2011.0,Simulation,THQ,0.3,0.08,0.0,0.03,0.41
12116,TigerShark,PS,1997.0,Simulation,GT Interactive,0.04,0.03,0.0,0.0,0.07
7839,GunGriffon,SAT,1995.0,Simulation,Sega,0.0,0.0,0.19,0.0,0.19
16147,Pet Shop Monogatari DS 2,DS,2010.0,Simulation,Taito,0.0,0.0,0.01,0.0,0.01
8601,Macross Ace Frontier,PSP,2008.0,Simulation,Namco Bandai Games,0.0,0.0,0.16,0.0,0.16
2606,Momotarou Dentetsu 7,PS,1997.0,Simulation,Hudson Entertainment,0.0,0.0,0.74,0.05,0.79
2614,Dance Dance Revolution SuperNOVA 2,PS2,2007.0,Simulation,Konami Digital Entertainment,0.64,0.03,0.02,0.1,0.79
5629,SimAnimals,Wii,2009.0,Simulation,Electronic Arts,0.15,0.14,0.0,0.03,0.32
7573,Harvest Moon: More Friends of Mineral Town,GBA,2003.0,Simulation,Ubisoft,0.14,0.05,0.0,0.0,0.2
10487,Dropship: United Peace Force,PS2,2002.0,Simulation,Sony Computer Entertainment,0.05,0.04,0.0,0.01,0.1
10341,Paws & Claws: Pet Resort,Wii,2009.0,Simulation,THQ,0.1,0.0,0.0,0.01,0.11
12196,Armored Core: Nine Breaker,PS2,2004.0,Simulation,505 Games,0.03,0.03,0.0,0.01,0.07
15146,IL-2 Sturmovik: Forgotten Battles,PC,2003.0,Simulation,Ubisoft,0.0,0.02,0.0,0.0,0.02
945,"Hey You, Pikachu!",N64,1998.0,Simulation,Nintendo,0.83,0.06,0.93,0.0,1.83
4461,Petz: Horsez 2,DS,2007.0,Simulation,Ubisoft,0.41,0.0,0.0,0.03,0.44
6655,Birds of Steel,PS3,2012.0,Simulation,Konami Digital Entertainment,0.1,0.09,0.02,0.04,0.25
477,Animal Crossing: Happy Home Designer,3DS,2015.0,Simulation,Nintendo,0.47,1.0,1.39,0.12,2.98
2462,Petz Dogz Fashion,DS,2008.0,Simulation,Ubisoft,0.46,0.3,0.0,0.09,0.84
542,The Sims,PS2,2003.0,Simulation,Electronic Arts,1.41,1.12,0.0,0.24,2.77
8870,Petz: Dogz Talent Show,DS,2009.0,Simulation,Ubisoft,0.14,0.0,0.0,0.01,0.15
15347,Airport Simulator,PC,2011.0,Simulation,Unknown,0.0,0.02,0.0,0.0,0.02
2561,The Sims 2,PS2,2005.0,Simulation,Electronic Arts,0.67,0.03,0.0,0.11,0.81
6399,Jurassic Park: Operation Genesis,PS2,2003.0,Simulation,Konami Digital Entertainment,0.13,0.1,0.0,0.03,0.27
6610,Secret Weapons Over Normandy,XB,2003.0,Simulation,LucasArts,0.19,0.05,0.0,0.01,0.25
4117,Harvest Moon 64,N64,1999.0,Simulation,Pack In Soft,0.25,0.06,0.11,0.06,0.48
2128,Tamagotchi Connection: Corner Shop 2,DS,2006.0,Simulation,Namco Bandai Games,0.09,0.02,0.86,0.01,0.98
15906,Portable Island: Tenohira Resort,PSP,2006.0,Simulation,Namco Bandai Games,0.0,0.0,0.02,0.0,0.02
4784,Story of Seasons,3DS,2014.0,Simulation,Nintendo,0.0,0.13,0.26,0.01,0.4
16573,Farming 2017 - The Simulation,PS4,2016.0,Simulation,UIG Entertainment,0.0,0.01,0.0,0.0,0.01
12828,Airline Tycoon 2,PC,2011.0,Simulation,Kalypso Media,0.0,0.04,0.0,0.01,0.05
4194,The Sims 3: Ambitions,PC,2010.0,Simulation,Electronic Arts,0.0,0.29,0.0,0.18,0.47
4716,Spore Hero,Wii,2009.0,Simulation,Electronic Arts,0.36,0.03,0.0,0.03,0.41
3079,The Sims: Bustin' Out,GC,2003.0,Simulation,Electronic Arts,0.43,0.2,0.0,0.03,0.66
5568,Discovery Kids: Puppy Playtime,DS,2009.0,Simulation,505 Games,0.3,0.0,0.0,0.02,0.33
3232,World of Zoo,Wii,2009.0,Simulation,THQ,0.41,0.16,0.0,0.05,0.63
1437,Dance Dance Revolution (Japan),PS,1999.0,Simulation,Konami Digital Entertainment,0.0,0.0,1.26,0.09,1.35
15541,Guitar Freaks V3 & DrumMania V3,PS2,2007.0,Simulation,Konami Digital Entertainment,0.0,0.0,0.02,0.0,0.02
14283,Mame Goma: Honobo no Nikki,DS,2007.0,Simulation,TDK Core,0.0,0.0,0.03,0.0,0.03
13337,Wing Island,Wii,2006.0,Simulation,Konami Digital Entertainment,0.03,0.01,0.01,0.0,0.05
5216,MechAssault 2: Lone Wolf,XB,2004.0,Simulation,Microsoft Game Studios,0.27,0.08,0.0,0.01,0.36
4740,Densha De Go! 2,PS,1999.0,Simulation,Taito,0.0,0.0,0.38,0.03,0.41
6658,Animal Paradise,DS,2007.0,Simulation,Empire Interactive,0.09,0.14,0.0,0.02,0.25
6486,Project Runway,Wii,2010.0,Simulation,Atari,0.24,0.0,0.0,0.02,0.26
2376,Crimson Skies: High Road to Revenge,XB,2003.0,Simulation,Microsoft Game Studios,0.65,0.19,0.0,0.03,0.87
3480,Petz Nursery,DS,2009.0,Simulation,Ubisoft,0.53,0.0,0.0,0.04,0.58
1126,Viva Pinata,X360,2006.0,Simulation,Microsoft Game Studios,0.45,0.96,0.02,0.2,1.63
10332,Kirarin * Revolution: Kira Kira Idol Audition,DS,2006.0,Simulation,Konami Digital Entertainment,0.0,0.0,0.11,0.0,0.11
4867,Harvest Moon: Save the Homeland,PS2,,Simulation,Unknown,0.19,0.15,0.0,0.05,0.4
16296,Jambo! Safari Animal Rescue,DS,2009.0,Simulation,Sega,0.01,0.0,0.0,0.0,0.01
7997,EyePet & Friends,PS3,2011.0,Simulation,Sony Computer Entertainment,0.06,0.09,0.0,0.03,0.19
6560,A.C.E.: Another Century's Episode,PS2,2005.0,Simulation,Banpresto,0.0,0.0,0.26,0.0,0.26
10789,Pony Friends 2,Wii,2009.0,Simulation,Eidos Interactive,0.04,0.05,0.0,0.01,0.1
10809,Gokuhou!! Mecha Mote Iinchou: MM Town de Miracle Change!,DS,2009.0,Simulation,Konami Digital Entertainment,0.0,0.0,0.1,0.0,0.1
11361,Petz: Dogz Family,PSP,2009.0,Simulation,Ubisoft,0.05,0.02,0.0,0.01,0.08
9812,Petz Fantasy: Moonlight Magic,DS,2010.0,Simulation,Ubisoft,0.11,0.0,0.0,0.01,0.12
14793,DrumMania 7th Mix,PS2,2001.0,Simulation,Konami Digital Entertainment,0.0,0.0,0.03,0.0,0.03
11093,Sidewinder Max,PS2,2000.0,Simulation,Asmik Ace Entertainment,0.0,0.0,0.09,0.0,0.09
15940,Oyaku de Asoberu DS Ehon: Ukkari Penelope,DS,2008.0,Simulation,Tecmo Koei,0.0,0.0,0.02,0.0,0.02
2090,Ace Combat X: Skies of Deception,PSP,2006.0,Simulation,Namco Bandai Games,0.37,0.31,0.12,0.19,0.99
14510,SimCity,PC,1988.0,Simulation,Maxis,0.0,0.02,0.0,0.01,0.03
3135,Paws & Claws: Pet Vet,DS,2007.0,Simulation,THQ,0.6,0.0,0.0,0.05,0.64
10502,Top Gun: Combat Zones,GBA,2004.0,Simulation,Mastiff,0.07,0.03,0.0,0.0,0.1
16064,Digger Simulator,PC,2011.0,Simulation,Excalibur Publishing,0.0,0.01,0.0,0.0,0.01
8594,Wonder Project J2: Koruro no Mori no Josette,N64,1996.0,Simulation,Enix Corporation,0.0,0.0,0.12,0.04,0.16
12770,Dreamer Series: Babysitter,DS,2009.0,Simulation,Deep Silver,0.05,0.0,0.0,0.0,0.06
11452,R/C Stunt Copter,PS,1998.0,Simulation,Interplay,0.04,0.03,0.0,0.01,0.08
2104,Farming Simulator 2013,PC,2012.0,Simulation,Focus Home Interactive,0.0,0.8,0.0,0.18,0.99
12188,Petz: Hamsterz Bunch,PSP,2009.0,Simulation,Ubisoft,0.06,0.0,0.0,0.01,0.07
5921,SimCity 4,PC,2003.0,Simulation,Electronic Arts,0.01,0.24,0.0,0.05,0.3
16331,Wedding Planner: Dream Weddings Guaranteed,DS,2010.0,Simulation,DTP Entertainment,0.0,0.01,0.0,0.0,0.01
4677,Zone of the Enders: The 2nd Runner,PS2,2003.0,Simulation,Konami Digital Entertainment,0.15,0.12,0.11,0.04,0.41
15170,Freedom Wings,DS,2006.0,Simulation,Natsume,0.02,0.0,0.0,0.0,0.02
4550,Microsoft Flight Simulator X,PC,2006.0,Simulation,Microsoft Game Studios,0.02,0.34,0.0,0.07,0.43
7501,Discovery Kids: Pony Paradise,DS,2009.0,Simulation,505 Games,0.19,0.0,0.0,0.01,0.2
14169,Zoo Vet: Endangered Animals,DS,2008.0,Simulation,505 Games,0.03,0.0,0.0,0.0,0.03
2096,EyePet,PS3,2009.0,Simulation,Sony Computer Entertainment,0.35,0.52,0.04,0.09,0.99
14293,Flipper Critters,DS,2007.0,Simulation,Conspiracy Entertainment,0.03,0.0,0.0,0.0,0.03
5425,Pony Friends 2,DS,2009.0,Simulation,Eidos Interactive,0.21,0.1,0.0,0.03,0.34
14882,Ocean Commander,Wii,2009.0,Simulation,Valcon Games,0.02,0.0,0.0,0.0,0.03
14305,GunGriffon: Allied Strike,XB,2004.0,Simulation,Microsoft Game Studios,0.02,0.01,0.0,0.0,0.03
4536,Petz Bunnyz,DS,2008.0,Simulation,Ubisoft,0.39,0.01,0.0,0.03,0.43
4305,Warhawk,PS,1995.0,Simulation,Sony Computer Entertainment,0.25,0.17,0.0,0.03,0.46
12977,The Idolmaster 2,X360,2011.0,Simulation,Namco Bandai Games,0.0,0.0,0.05,0.0,0.05
11828,Damage Inc.: Pacific Squadron WWII,X360,2012.0,Simulation,Mad Catz,0.07,0.0,0.0,0.01,0.07
6014,Ace Combat: Joint Assault,PSP,2010.0,Simulation,Namco Bandai Games,0.06,0.05,0.15,0.03,0.29
8496,True Swing Golf,DS,2005.0,Sports,Nintendo,0.11,0.0,0.04,0.01,0.16
13853,FIFA World Cup Germany 2006,DS,2006.0,Sports,Electronic Arts,0.03,0.0,0.0,0.0,0.04
9407,The Flintstones: Bedrock Bowling,PS,2000.0,Sports,Ubisoft,0.07,0.05,0.0,0.01,0.13
5516,Cabela's Dangerous Hunts 2011,PS3,2010.0,Sports,Activision,0.26,0.04,0.0,0.03,0.33
15224,Tennis no Oji-Sama: Driving Smash! Side King,DS,2008.0,Sports,Konami Digital Entertainment,0.0,0.0,0.02,0.0,0.02
7892,Shaun White Skateboarding,PS3,2010.0,Sports,Ubisoft,0.11,0.05,0.0,0.03,0.19
758,Your Shape featuring Jenny McCarthy,Wii,2009.0,Sports,Ubisoft,1.51,0.47,0.0,0.18,2.16
7274,NBA 06,PSP,2005.0,Sports,Sony Computer Entertainment,0.2,0.0,0.0,0.02,0.22
10293,Backyard NFL Football '10,X360,2009.0,Sports,Atari,0.1,0.0,0.0,0.01,0.11
10612,NBA Live 16,XOne,2015.0,Sports,Electronic Arts,0.08,0.01,0.0,0.01,0.1
7952,Pro Yaky? Spirits 2012,PS3,2012.0,Sports,Konami Digital Entertainment,0.0,0.0,0.19,0.0,0.19
11663,Pro Yakyuu Famista DS 2010,DS,2010.0,Sports,Namco Bandai Games,0.0,0.0,0.08,0.0,0.08
16356,G1 Jockey 4 2008,PS3,2008.0,Sports,Tecmo Koei,0.0,0.01,0.0,0.0,0.01
2687,Cabela's Deer Hunt: 2004 Season,PS2,2003.0,Sports,Activision Value,0.37,0.29,0.0,0.1,0.76
8653,Nicktoons: MLB,Wii,2011.0,Sports,Take-Two Interactive,0.15,0.0,0.0,0.01,0.16
932,NBA Live 2002,PS2,2001.0,Sports,Electronic Arts,0.91,0.71,0.0,0.24,1.86
6091,Power Pro Kun Pocket 11,DS,2008.0,Sports,Konami Digital Entertainment,0.0,0.0,0.29,0.0,0.29
6739,We Love Golf!,Wii,2007.0,Sports,Capcom,0.2,0.01,0.03,0.02,0.25
14301,Elf Bowling 1 & 2,GBA,2005.0,Sports,Ignition Entertainment,0.02,0.01,0.0,0.0,0.03
8779,NCAA GameBreaker 2001,PS2,2000.0,Sports,Sony Computer Entertainment,0.07,0.06,0.0,0.02,0.15
13201,Major League Baseball 2K11,PS2,2011.0,Sports,Take-Two Interactive,0.02,0.02,0.0,0.01,0.05
7056,Airblade,PS2,2001.0,Sports,Sony Computer Entertainment,0.11,0.09,0.0,0.03,0.23
8206,NBA Starting Five,PS2,,Sports,Unknown,0.09,0.07,0.0,0.02,0.18
3814,J-League Soccer: Prime Goal 2,SNES,1994.0,Sports,Namco Bandai Games,0.0,0.0,0.53,0.0,0.53
7451,Tony Hawk's Motion,DS,2008.0,Sports,Activision,0.19,0.0,0.0,0.02,0.21
3495,NHL 06,PS2,2005.0,Sports,Electronic Arts,0.48,0.02,0.0,0.08,0.58
7357,Tony Hawk's American Sk8land,DS,2005.0,Sports,Activision,0.19,0.01,0.0,0.02,0.21
1521,EA Playground,Wii,2007.0,Sports,Electronic Arts,0.69,0.48,0.0,0.13,1.3
15153,Rocket League,PC,2016.0,Sports,505 Games,0.01,0.01,0.0,0.0,0.02
3501,NFL Blitz 2000,N64,1999.0,Sports,Midway Games,0.55,0.02,0.0,0.0,0.58
5885,Hard Hitter Tennis,PS2,2001.0,Sports,Midas Interactive Entertainment,0.15,0.11,0.0,0.04,0.3
8198,Pro Yaky? Spirits 5,PS2,2008.0,Sports,Konami Digital Entertainment,0.0,0.0,0.18,0.0,0.18
8837,NBA ShootOut 2001,PS2,2001.0,Sports,Sony Computer Entertainment,0.07,0.06,0.0,0.02,0.15
2165,My Weight Loss Coach,DS,2008.0,Sports,Ubisoft,0.3,0.54,0.0,0.11,0.96
2464,NCAA Football 11,PS3,2010.0,Sports,Electronic Arts,0.79,0.0,0.0,0.06,0.84
1472,NBA 2K14,PS4,2013.0,Sports,Take-Two Interactive,0.89,0.31,0.01,0.12,1.33
14240,Summer Athletics: The Ultimate Challenge,X360,2008.0,Sports,DTP Entertainment,0.02,0.01,0.0,0.0,0.03
14231,Angler's Club: Ultimate Bass Fishing 3D,3DS,2011.0,Sports,D3Publisher,0.0,0.03,0.0,0.0,0.03
14727,NBA 2K7,XB,2006.0,Sports,Take-Two Interactive,0.02,0.01,0.0,0.0,0.03
11431,FIFA Soccer 2003,GC,2002.0,Sports,Electronic Arts,0.06,0.02,0.0,0.0,0.08
2891,Football Manager 2014,PC,2013.0,Sports,Sega,0.0,0.6,0.0,0.1,0.71
4318,Jikkyou Powerful Pro Yakyuu 3,SNES,1996.0,Sports,Konami Digital Entertainment,0.0,0.0,0.45,0.0,0.45
2592,Mario & Sonic at the Sochi 2014 Olympic Winter Games,WiiU,2013.0,Sports,Nintendo,0.39,0.22,0.13,0.06,0.8
4465,Jikkyou Powerful Pro Yakyuu 9,PS2,2002.0,Sports,Konami Digital Entertainment,0.0,0.0,0.44,0.0,0.44
11389,J-League Winning Eleven 2009: Club Championship,PS2,2009.0,Sports,Konami Digital Entertainment,0.0,0.0,0.08,0.0,0.08
14350,Pro Yakyuu Spirits 5 Kanzenban,PS3,2008.0,Sports,Konami Digital Entertainment,0.0,0.0,0.03,0.0,0.03
11255,NCAA Football 08,XB,2007.0,Sports,Electronic Arts,0.06,0.02,0.0,0.0,0.08
10773,Jikkyou Powerful Pro Yakyuu 2013,PSV,2013.0,Sports,Konami Digital Entertainment,0.0,0.0,0.1,0.0,0.1
4510,NCAA Football 2004,XB,2003.0,Sports,Electronic Arts,0.4,0.02,0.0,0.02,0.43
10068,International Track & Field 2000,PS,1999.0,Sports,Konami Digital Entertainment,0.06,0.04,0.0,0.01,0.11
8185,ESPN X Games Skateboarding,GBA,2001.0,Sports,Konami Digital Entertainment,0.13,0.05,0.0,0.0,0.18
8688,NBA 2K3,GC,2002.0,Sports,Sega,0.12,0.03,0.0,0.0,0.16
6824,Deca Sports 3,Wii,2010.0,Sports,Hudson Soft,0.15,0.07,0.0,0.02,0.24
13615,High Heat Baseball 2002,PS,2001.0,Sports,3DO,0.02,0.02,0.0,0.0,0.04
1854,Triple Play 98,PS,1997.0,Sports,Electronic Arts,0.61,0.42,0.0,0.07,1.1
6528,NCAA March Madness 08,PS2,2007.0,Sports,Electronic Arts,0.13,0.1,0.0,0.03,0.26
8582,Power Stakes,PS,1997.0,Sports,Aques,0.0,0.0,0.15,0.01,0.16
6685,Don King Presents: Prizefighter,X360,2008.0,Sports,Take-Two Interactive,0.14,0.08,0.0,0.02,0.25
13722,Summer Challenge: Athletics Tournament,PS3,2011.0,Sports,PQube,0.0,0.03,0.0,0.01,0.04
12813,Sled Shred featuring the Jamaican Bobsled Team,Wii,2010.0,Sports,SouthPeak Games,0.05,0.0,0.0,0.0,0.06
2434,Madden NFL 09 All-Play,Wii,2008.0,Sports,Electronic Arts,0.78,0.01,0.0,0.07,0.85
3526,Madden NFL 06,GC,2005.0,Sports,Electronic Arts,0.44,0.11,0.0,0.02,0.57
7808,Major League Baseball 2K12,PS3,2012.0,Sports,Take-Two Interactive,0.18,0.0,0.0,0.01,0.19
13464,Rapala Trophies,PSP,2006.0,Sports,Activision,0.04,0.0,0.0,0.0,0.04
1084,Shaun White Snowboarding: Road Trip,Wii,2008.0,Sports,Ubisoft,0.94,0.57,0.0,0.17,1.67
8013,NBA Live 08,Wii,2007.0,Sports,Electronic Arts,0.17,0.0,0.0,0.02,0.18
7036,FIFA 14,PSP,2013.0,Sports,Electronic Arts,0.0,0.16,0.0,0.07,0.23
11347,Orega Kantoku Da! Gekitou Pennant Race,PS2,2000.0,Sports,Enix Corporation,0.0,0.0,0.08,0.0,0.08
624,NBA 2K13,PS3,2012.0,Sports,Take-Two Interactive,1.72,0.44,0.05,0.27,2.48
5260,Football Manager Handheld 2010,PSP,2009.0,Sports,Sega,0.0,0.26,0.0,0.09,0.36
7271,Rugby 2004,PS2,2003.0,Sports,Electronic Arts,0.11,0.08,0.0,0.03,0.22
3663,Tony Hawk's Pro Skater 3,XB,2002.0,Sports,Activision,0.34,0.18,0.0,0.02,0.55
12579,Klonoa Beach Volleyball,PS,2002.0,Sports,Namco Bandai Games,0.03,0.02,0.0,0.0,0.06
8917,Gallop & Ride!,Wii,2008.0,Sports,THQ,0.14,0.0,0.0,0.01,0.15
5643,Shaun White Snowboarding,PSP,2008.0,Sports,Ubisoft,0.26,0.03,0.0,0.03,0.32
9664,Peter Jacobsen's Golden Tee Golf,PS,2000.0,Sports,Infogrames,0.07,0.05,0.0,0.01,0.12
6593,All-Star Baseball 2003,XB,2002.0,Sports,Acclaim Entertainment,0.19,0.06,0.0,0.01,0.26
1477,Triple Play 2001,PS,2000.0,Sports,Electronic Arts,0.74,0.5,0.0,0.09,1.33
226,Tony Hawk's Pro Skater 2,PS,2000.0,Sports,Activision,3.05,1.41,0.02,0.2,4.68
3210,Cabela's Big Game Hunter (2008),Wii,2007.0,Sports,Activision,0.58,0.0,0.0,0.05,0.63
10290,BMX XXX,XB,2002.0,Sports,Acclaim Entertainment,0.08,0.02,0.0,0.0,0.11
2049,Championship Manager 3,PC,2003.0,Sports,Eidos Interactive,0.0,0.93,0.0,0.08,1.01
5864,Famista '91,NES,1990.0,Sports,Namco Bandai Games,0.0,0.0,0.3,0.0,0.3
6719,Tennis no Oji-Sama: Genius Boys Academy,GBA,2002.0,Sports,Konami Digital Entertainment,0.0,0.0,0.24,0.01,0.25
10993,Jikkyou Powerful Pro Yakyuu 14 Ketteiban,PS2,2007.0,Sports,Konami Digital Entertainment,0.0,0.0,0.09,0.0,0.09
3194,FIFA Soccer 2003,XB,2002.0,Sports,Electronic Arts,0.2,0.4,0.0,0.04,0.63
8203,NFL 2K2,XB,2002.0,Sports,Sega,0.13,0.04,0.0,0.01,0.18
2028,FIFA Soccer 08,Wii,2007.0,Sports,Electronic Arts,0.32,0.59,0.01,0.11,1.02
14272,River King: Mystic Valley (jp sales),DS,2007.0,Sports,Rising Star Games,0.0,0.0,0.03,0.0,0.03
6865,Jikkyou Powerful Pro Yakyuu 15,PS2,2008.0,Sports,Konami Digital Entertainment,0.0,0.0,0.24,0.0,0.24
9367,Sentou Kokka Air Land Battle,PS,1995.0,Strategy,Sony Computer Entertainment,0.0,0.0,0.13,0.01,0.13
7639,Nobunaga no Yabou: Reppuuden,PS,1999.0,Strategy,Tecmo Koei,0.0,0.0,0.19,0.01,0.2
16242,Builder's Block,PS,1999.0,Strategy,EON Digital Entertainment,0.01,0.0,0.0,0.0,0.01
8525,Magic: The Gathering - Battlegrounds,XB,2003.0,Strategy,Atari,0.12,0.03,0.0,0.01,0.16
5198,Tropico 4,X360,,Strategy,Kalypso Media,0.2,0.13,0.0,0.03,0.36
12630,Emblem of Gundam,DS,2008.0,Strategy,Namco Bandai Games,0.0,0.0,0.06,0.0,0.06
14556,Culdcept,PS2,2002.0,Strategy,Sega,0.01,0.01,0.0,0.0,0.03
11487,"Warhammer 40,000: Dawn of War II - Retribution",PC,2011.0,Strategy,THQ,0.0,0.06,0.0,0.02,0.08
14565,Worms,PS3,2009.0,Strategy,Sony Computer Entertainment,0.0,0.02,0.0,0.01,0.03
9016,Shining Force CD,SCD,1994.0,Strategy,Sega,0.0,0.0,0.14,0.0,0.14
5399,Tom Clancy's Ghost Recon: Shadow Wars,3DS,2011.0,Strategy,Ubisoft,0.22,0.09,0.0,0.03,0.34
7593,Angry Birds Star Wars,PS4,2013.0,Strategy,Activision,0.1,0.08,0.0,0.03,0.2
5354,SD Gundam G Generation World,PSP,2011.0,Strategy,Namco Bandai Games,0.0,0.0,0.34,0.0,0.34
14523,Star Trek: Tactical Assault,PSP,2006.0,Strategy,Ubisoft,0.02,0.01,0.0,0.0,0.03
8569,Field Commander,PSP,2006.0,Strategy,Sony Online Entertainment,0.14,0.0,0.0,0.01,0.16
16385,Akatsuki no Amaneka to Aoi Kyojin,PSP,2010.0,Strategy,CyberFront,0.0,0.0,0.01,0.0,0.01
6158,Yu-Gi-Oh! World Championship 2008,DS,2007.0,Strategy,Konami Digital Entertainment,0.13,0.02,0.12,0.01,0.28
4789,Overlord,X360,2007.0,Strategy,Codemasters,0.34,0.03,0.01,0.03,0.4
9325,Gladius,XB,2003.0,Strategy,Activision,0.1,0.03,0.0,0.0,0.14
9060,Front Mission Alternative,PS,1997.0,Strategy,SquareSoft,0.0,0.0,0.13,0.01,0.14
9835,Mytran Wars,PSP,2009.0,Strategy,Deep Silver,0.08,0.02,0.0,0.02,0.12
12577,Imagine: Resort Owner,DS,2010.0,Strategy,Ubisoft,0.05,0.0,0.0,0.0,0.06
15291,Military History: Commander - Europe at War,PSP,2009.0,Strategy,Slitherine Software,0.0,0.01,0.0,0.01,0.02
3669,Super Robot Taisen F,SAT,1997.0,Strategy,Banpresto,0.0,0.0,0.55,0.0,0.55
8769,Kingdom Under Fire: Heroes,XB,2005.0,Strategy,Deep Silver,0.11,0.03,0.0,0.01,0.15
16175,Military History: Commander - Europe at War,DS,2009.0,Strategy,Slitherine Software,0.0,0.01,0.0,0.0,0.01
13231,StarCraft,PC,1998.0,Strategy,Activision,0.0,0.04,0.0,0.01,0.05
10327,Railroad Tycoon II,PS,1999.0,Strategy,PopTop Software,0.06,0.04,0.0,0.01,0.11
14196,Makai Senki Disgaea 4: Fuuka & Desco-hen Hajime Mashita,PS3,2011.0,Strategy,Nippon Ichi Software,0.0,0.0,0.03,0.0,0.03
7098,Super Robot Taisen F Kanketsuhen,PS,1999.0,Strategy,Banpresto,0.0,0.0,0.21,0.01,0.23
807,Sim Theme Park,PC,1998.0,Strategy,Electronic Arts,2.04,0.04,0.0,0.0,2.08
14411,Empire Earth II,PC,2005.0,Strategy,Vivendi Games,0.0,0.03,0.0,0.0,0.03
6418,Duel Masters,PS2,2004.0,Strategy,Atari,0.13,0.1,0.0,0.03,0.27
5783,Lord of the Rings: Battle for Middle-Earth,X360,2006.0,Strategy,Electronic Arts,0.28,0.0,0.0,0.02,0.31
6381,Fire Emblem: Shin Monshou no Nazo Hikari to Kage no Eiyuu,DS,2010.0,Strategy,Nintendo,0.0,0.0,0.27,0.0,0.27
5244,Company of Heroes 2,PC,2013.0,Strategy,THQ,0.06,0.25,0.0,0.05,0.36
8889,Chessmaster II,PS,1998.0,Strategy,Mindscape,0.08,0.06,0.0,0.01,0.15
6209,RollerCoaster Tycoon 3,PC,2004.0,Strategy,Atari,0.01,0.22,0.0,0.05,0.28
14628,Romance of the Three Kingdoms II,3DS,2015.0,Strategy,Tecmo Koei,0.0,0.0,0.03,0.0,0.03
14386,Hearts of Iron IV,PC,2016.0,Strategy,Paradox Interactive,0.0,0.03,0.0,0.0,0.03
12543,Zoo Tycoon: Complete Collection,PC,2003.0,Strategy,Microsoft Game Studios,0.03,0.02,0.0,0.01,0.06
9144,Kidou Senshi Gundam: Shin Gihren no Yabou,PSP,2011.0,Strategy,Namco Bandai Games,0.0,0.0,0.14,0.0,0.14
11679,Quo Vadis,SAT,1995.0,Strategy,Glams,0.0,0.0,0.08,0.0,0.08
6601,Super Robot Taisen R,GBA,2002.0,Strategy,Banpresto,0.0,0.0,0.25,0.01,0.26
2337,Fire Emblem: The Sacred Stones,GBA,2004.0,Strategy,Nintendo,0.42,0.16,0.3,0.02,0.89
14515,Konpeki no Kantai,SNES,1995.0,Strategy,Angel Studios,0.0,0.0,0.03,0.0,0.03
166,Pokemon Stadium,N64,1999.0,Strategy,Nintendo,3.18,1.24,0.94,0.09,5.45
13479,RollerCoaster Tycoon,PC,,Strategy,Microprose,0.02,0.02,0.0,0.01,0.04
7879,Warhammer: Shadow of the Horned Rat,PS,1996.0,Strategy,Mindscape,0.11,0.07,0.0,0.01,0.19
2485,Battle of Giants: Dinosaurs,DS,2008.0,Strategy,Ubisoft,0.38,0.37,0.0,0.09,0.83
15489,Virtual Kasparov,GBA,2002.0,Strategy,Titus,0.01,0.01,0.0,0.0,0.02
5152,Sid Meier's Civilization: Beyond Earth,PC,2014.0,Strategy,Take-Two Interactive,0.11,0.22,0.0,0.03,0.37
11319,Onimusha Tactics,GBA,2003.0,Strategy,Capcom,0.06,0.02,0.0,0.0,0.08
10047,Star Trek: Conquest,PS2,,Strategy,Bethesda Softworks,0.06,0.04,0.0,0.01,0.11
8290,Goblin Commander: Unleash the Horde,PS2,2003.0,Strategy,Jaleco,0.08,0.07,0.0,0.02,0.17
15175,The Settlers IV,PC,2001.0,Strategy,Blue Byte,0.0,0.02,0.0,0.0,0.02
10872,Wordmaster,DS,2008.0,Strategy,Zoo Digital Publishing,0.09,0.0,0.0,0.01,0.09
3921,R.U.S.E.,PS3,2010.0,Strategy,Ubisoft,0.18,0.22,0.02,0.09,0.51
15471,Tycoon City: New York,PC,2006.0,Strategy,Atari,0.0,0.02,0.0,0.0,0.02
15574,WorldShift,PC,2009.0,Strategy,Playlogic Game Factory,0.02,0.0,0.0,0.0,0.02
6304,SD Gundam G Generation Portable,PSP,2006.0,Strategy,Namco Bandai Games,0.0,0.0,0.27,0.0,0.27
7040,Yu-Gi-Oh! GX: Tag Force 3,PSP,2008.0,Strategy,Konami Digital Entertainment,0.0,0.03,0.18,0.01,0.23
13179,Yu-Gi-Oh! World Championship 2007,DS,2007.0,Strategy,Konami Digital Entertainment,0.0,0.01,0.04,0.0,0.05
14290,Nobunaga no Yabou: Kakushin with Power-Up Kit,PS2,2008.0,Strategy,Tecmo Koei,0.0,0.0,0.03,0.0,0.03
1716,Plants vs. Zombies,DS,2011.0,Strategy,Mastertronic,0.95,0.15,0.0,0.08,1.18
11948,Romance of the Three Kingdoms IX,PS2,2003.0,Strategy,Tecmo Koei,0.03,0.03,0.0,0.01,0.07
16289,War for the Overworld,PC,2015.0,Strategy,Unknown,0.0,0.01,0.0,0.0,0.01
7820,Aliens versus Predator: Extinction,PS2,2003.0,Strategy,Electronic Arts,0.09,0.07,0.0,0.02,0.19
15905,Tennis no Oji-Sama: Card Hunter,PS2,2007.0,Strategy,Konami Digital Entertainment,0.0,0.0,0.02,0.0,0.02
12876,McDROID,PSP,2011.0,Strategy,Namco Bandai Games,0.0,0.0,0.05,0.0,0.05
12155,Future Tactics: The Uprising,PS2,2004.0,Strategy,Crave Entertainment,0.03,0.03,0.0,0.01,0.07
9744,Record of Agarest War Zero,PS3,,Strategy,Ghostlight,0.09,0.0,0.03,0.01,0.12
8467,Sid Meier's Pirates!,Wii,2010.0,Strategy,Take-Two Interactive,0.13,0.02,0.0,0.01,0.16
7452,Super Robot Taisen K,DS,2009.0,Strategy,Namco Bandai Games,0.0,0.0,0.21,0.0,0.21
6449,Battlestations: Midway,X360,2007.0,Strategy,Eidos Interactive,0.21,0.02,0.0,0.02,0.26
1214,Warcraft III: The Frozen Throne,PC,2003.0,Strategy,Activision,0.58,0.87,0.0,0.09,1.54
6989,Total War: Attila,PC,2015.0,Strategy,Sega,0.09,0.13,0.0,0.02,0.23
4806,Advance Wars: Dual Strike,DS,2005.0,Strategy,Nintendo,0.3,0.03,0.04,0.03,0.4
4570,Dai-2-Ji Super Robot Taisen Z: Hakai-hen,PSP,2011.0,Strategy,Banpresto,0.0,0.0,0.42,0.0,0.42
10489,Rome: Total War,PC,2004.0,Strategy,Activision,0.0,0.08,0.0,0.02,0.1
8463,Thrillville: Off the Rails,X360,2007.0,Strategy,LucasArts,0.13,0.02,0.0,0.01,0.16
15804,XCOM 2,XOne,2016.0,Strategy,Take-Two Interactive,0.01,0.01,0.0,0.0,0.02
15029,Stronghold Crusader Extreme,PC,2008.0,Strategy,Gamecock,0.0,0.02,0.0,0.0,0.02
13871,Caesar IV,PC,2006.0,Strategy,Vivendi Games,0.0,0.03,0.0,0.01,0.04
13491,Front Mission,DS,2007.0,Strategy,Square Enix,0.01,0.0,0.03,0.0,0.04
7014,Worms: Battle Islands,Wii,2010.0,Strategy,THQ,0.11,0.1,0.0,0.02,0.23
10986,Brigandine: The Legend of Forsena,PS,1998.0,Strategy,Atlus,0.05,0.03,0.0,0.01,0.09
13317,Romance of the Three Kingdoms VI: Awakening of the Dragon,PS,1998.0,Strategy,Tecmo Koei,0.03,0.02,0.0,0.0,0.05
14691,Cossacks: European Wars,PC,2001.0,Strategy,Strategy First,0.0,0.02,0.0,0.0,0.03
14267,Combat Mission: Shock Force,PC,2007.0,Strategy,Paradox Interactive,0.0,0.03,0.0,0.01,0.03
